config,model_path,module_id,component,layer_idx,operator,op_type,quantized,method,a_or_A_kind,w_or_B_kind,o_or_O_kind,weight_quant_granularity,outlier_ratio,in_features,out_features,attention_kind
,,vision.layers.0.self_attn.k_proj,vision,0,k_proj,linear,true,pot_ao_outlier,e4m3,int8,e4m3,per_tensor,0.01,768,768,
,,vision.layers.0.self_attn.v_proj,vision,0,v_proj,linear,true,pot_ao_outlier,e4m3,int8,e4m3,per_tensor,0.01,768,768,
,,vision.layers.0.self_attn.q_proj,vision,0,q_proj,linear,true,pot_ao_outlier,e4m3,int8,e4m3,per_tensor,0.01,768,768,
,,vision.layers.0.self_attn.out_proj,vision,0,out_proj,linear,true,pot_ao_outlier,e4m3,int8,e4m3,per_tensor,0.01,768,768,
,,vision.layer.0.qk,vision,0,qk,matmul,true,pot_fp8_outlier,e4m3,e4m3,e4m3,,0.01,,,
,,vision.layer.0.pv,vision,0,pv,matmul,true,pot_fp8_outlier,e4m3,e4m3,e4m3,,0.01,,,
,,vision.layers.0.mlp.fc1,vision,0,fc1,linear,true,pot_ao_outlier,e4m3,int8,e4m3,per_tensor,0.01,768,3072,
,,vision.layers.0.mlp.fc2,vision,0,fc2,linear,true,pot_ao_outlier,e4m3,int8,e4m3,per_tensor,0.01,3072,768,
,,vision.layers.1.self_attn.k_proj,vision,1,k_proj,linear,true,pot_ao_outlier,e4m3,int8,e4m3,per_tensor,0.01,768,768,
,,vision.layers.1.self_attn.v_proj,vision,1,v_proj,linear,true,pot_ao_outlier,e4m3,int8,e4m3,per_tensor,0.01,768,768,
,,vision.layers.1.self_attn.q_proj,vision,1,q_proj,linear,true,pot_ao_outlier,e4m3,int8,e4m3,per_tensor,0.01,768,768,
,,vision.layers.1.self_attn.out_proj,vision,1,out_proj,linear,true,pot_ao_outlier,e4m3,int8,e4m3,per_tensor,0.01,768,768,
,,vision.layer.1.qk,vision,1,qk,matmul,true,pot_fp8_outlier,e4m3,e4m3,e4m3,,0.01,,,
,,vision.layer.1.pv,vision,1,pv,matmul,true,pot_fp8_outlier,e4m3,e4m3,e4m3,,0.01,,,
,,vision.layers.1.mlp.fc1,vision,1,fc1,linear,true,pot_ao_outlier,e4m3,int8,e4m3,per_tensor,0.01,768,3072,
,,vision.layers.1.mlp.fc2,vision,1,fc2,linear,true,pot_ao_outlier,e4m3,int8,e4m3,per_tensor,0.01,3072,768,
,,vision.layers.2.self_attn.k_proj,vision,2,k_proj,linear,true,pot_ao_outlier,e4m3,int8,e4m3,per_tensor,0.01,768,768,
,,vision.layers.2.self_attn.v_proj,vision,2,v_proj,linear,true,pot_ao_outlier,e4m3,int8,e4m3,per_tensor,0.01,768,768,
,,vision.layers.2.self_attn.q_proj,vision,2,q_proj,linear,true,pot_ao_outlier,e4m3,int8,e4m3,per_tensor,0.01,768,768,
,,vision.layers.2.self_attn.out_proj,vision,2,out_proj,linear,true,pot_ao_outlier,e4m3,int8,e4m3,per_tensor,0.01,768,768,
,,vision.layer.2.qk,vision,2,qk,matmul,true,pot_fp8_outlier,e4m3,e4m3,e4m3,,0.01,,,
,,vision.layer.2.pv,vision,2,pv,matmul,true,pot_fp8_outlier,e4m3,e4m3,e4m3,,0.01,,,
,,vision.layers.2.mlp.fc1,vision,2,fc1,linear,true,pot_ao_outlier,e4m3,int8,e4m3,per_tensor,0.01,768,3072,
,,vision.layers.2.mlp.fc2,vision,2,fc2,linear,true,pot_ao_outlier,e4m3,int8,e4m3,per_tensor,0.01,3072,768,
,,vision.layers.3.self_attn.k_proj,vision,3,k_proj,linear,true,pot_ao_outlier,e4m3,int8,e4m3,per_tensor,0.01,768,768,
,,vision.layers.3.self_attn.v_proj,vision,3,v_proj,linear,true,pot_ao_outlier,e4m3,int8,e4m3,per_tensor,0.01,768,768,
,,vision.layers.3.self_attn.q_proj,vision,3,q_proj,linear,true,pot_ao_outlier,e4m3,int8,e4m3,per_tensor,0.01,768,768,
,,vision.layers.3.self_attn.out_proj,vision,3,out_proj,linear,true,pot_ao_outlier,e4m3,int8,e4m3,per_tensor,0.01,768,768,
,,vision.layer.3.qk,vision,3,qk,matmul,true,pot_fp8_outlier,e4m3,e4m3,e4m3,,0.01,,,
,,vision.layer.3.pv,vision,3,pv,matmul,true,pot_fp8_outlier,e4m3,e4m3,e4m3,,0.01,,,
,,vision.layers.3.mlp.fc1,vision,3,fc1,linear,true,pot_ao_outlier,e4m3,int8,e4m3,per_tensor,0.01,768,3072,
,,vision.layers.3.mlp.fc2,vision,3,fc2,linear,true,pot_ao_outlier,e4m3,int8,e4m3,per_tensor,0.01,3072,768,
,,vision.layers.4.self_attn.k_proj,vision,4,k_proj,linear,true,pot_ao_outlier,e4m3,int8,e4m3,per_tensor,0.01,768,768,
,,vision.layers.4.self_attn.v_proj,vision,4,v_proj,linear,true,pot_ao_outlier,e4m3,int8,e4m3,per_tensor,0.01,768,768,
,,vision.layers.4.self_attn.q_proj,vision,4,q_proj,linear,true,pot_ao_outlier,e4m3,int8,e4m3,per_tensor,0.01,768,768,
,,vision.layers.4.self_attn.out_proj,vision,4,out_proj,linear,true,pot_ao_outlier,e4m3,int8,e4m3,per_tensor,0.01,768,768,
,,vision.layer.4.qk,vision,4,qk,matmul,true,pot_fp8_outlier,e4m3,e4m3,e4m3,,0.01,,,
,,vision.layer.4.pv,vision,4,pv,matmul,true,pot_fp8_outlier,e4m3,e4m3,e4m3,,0.01,,,
,,vision.layers.4.mlp.fc1,vision,4,fc1,linear,true,pot_ao_outlier,e4m3,int8,e4m3,per_tensor,0.01,768,3072,
,,vision.layers.4.mlp.fc2,vision,4,fc2,linear,true,pot_ao_outlier,e4m3,int8,e4m3,per_tensor,0.01,3072,768,
,,vision.layers.5.self_attn.k_proj,vision,5,k_proj,linear,true,pot_ao_outlier,e4m3,int8,e4m3,per_tensor,0.01,768,768,
,,vision.layers.5.self_attn.v_proj,vision,5,v_proj,linear,true,pot_ao_outlier,e4m3,int8,e4m3,per_tensor,0.01,768,768,
,,vision.layers.5.self_attn.q_proj,vision,5,q_proj,linear,true,pot_ao_outlier,e4m3,int8,e4m3,per_tensor,0.01,768,768,
,,vision.layers.5.self_attn.out_proj,vision,5,out_proj,linear,true,pot_ao_outlier,e4m3,int8,e4m3,per_tensor,0.01,768,768,
,,vision.layer.5.qk,vision,5,qk,matmul,true,pot_fp8_outlier,e4m3,e4m3,e4m3,,0.01,,,
,,vision.layer.5.pv,vision,5,pv,matmul,true,pot_fp8_outlier,e4m3,e4m3,e4m3,,0.01,,,
,,vision.layers.5.mlp.fc1,vision,5,fc1,linear,true,pot_ao_outlier,e4m3,int8,e4m3,per_tensor,0.01,768,3072,
,,vision.layers.5.mlp.fc2,vision,5,fc2,linear,true,pot_ao_outlier,e4m3,int8,e4m3,per_tensor,0.01,3072,768,
,,vision.layers.6.self_attn.k_proj,vision,6,k_proj,linear,true,pot_ao_outlier,e4m3,int8,e4m3,per_tensor,0.01,768,768,
,,vision.layers.6.self_attn.v_proj,vision,6,v_proj,linear,true,pot_ao_outlier,e4m3,int8,e4m3,per_tensor,0.01,768,768,
,,vision.layers.6.self_attn.q_proj,vision,6,q_proj,linear,true,pot_ao_outlier,e4m3,int8,e4m3,per_tensor,0.01,768,768,
,,vision.layers.6.self_attn.out_proj,vision,6,out_proj,linear,true,pot_ao_outlier,e4m3,int8,e4m3,per_tensor,0.01,768,768,
,,vision.layer.6.qk,vision,6,qk,matmul,true,pot_fp8_outlier,e4m3,e4m3,e4m3,,0.01,,,
,,vision.layer.6.pv,vision,6,pv,matmul,true,pot_fp8_outlier,e4m3,e4m3,e4m3,,0.01,,,
,,vision.layers.6.mlp.fc1,vision,6,fc1,linear,true,pot_ao_outlier,e4m3,int8,e4m3,per_tensor,0.01,768,3072,
,,vision.layers.6.mlp.fc2,vision,6,fc2,linear,true,pot_ao_outlier,e4m3,int8,e4m3,per_tensor,0.01,3072,768,
,,vision.layers.7.self_attn.k_proj,vision,7,k_proj,linear,true,pot_ao_outlier,e4m3,int8,e4m3,per_tensor,0.01,768,768,
,,vision.layers.7.self_attn.v_proj,vision,7,v_proj,linear,true,pot_ao_outlier,e4m3,int8,e4m3,per_tensor,0.01,768,768,
,,vision.layers.7.self_attn.q_proj,vision,7,q_proj,linear,true,pot_ao_outlier,e4m3,int8,e4m3,per_tensor,0.01,768,768,
,,vision.layers.7.self_attn.out_proj,vision,7,out_proj,linear,true,pot_ao_outlier,e4m3,int8,e4m3,per_tensor,0.01,768,768,
,,vision.layer.7.qk,vision,7,qk,matmul,true,pot_fp8_outlier,e4m3,e4m3,e4m3,,0.01,,,
,,vision.layer.7.pv,vision,7,pv,matmul,true,pot_fp8_outlier,e4m3,e4m3,e4m3,,0.01,,,
,,vision.layers.7.mlp.fc1,vision,7,fc1,linear,true,pot_ao_outlier,e4m3,int8,e4m3,per_tensor,0.01,768,3072,
,,vision.layers.7.mlp.fc2,vision,7,fc2,linear,true,pot_ao_outlier,e4m3,int8,e4m3,per_tensor,0.01,3072,768,
,,vision.layers.8.self_attn.k_proj,vision,8,k_proj,linear,true,pot_ao_outlier,e4m3,int8,e4m3,per_tensor,0.01,768,768,
,,vision.layers.8.self_attn.v_proj,vision,8,v_proj,linear,true,pot_ao_outlier,e4m3,int8,e4m3,per_tensor,0.01,768,768,
,,vision.layers.8.self_attn.q_proj,vision,8,q_proj,linear,true,pot_ao_outlier,e4m3,int8,e4m3,per_tensor,0.01,768,768,
,,vision.layers.8.self_attn.out_proj,vision,8,out_proj,linear,true,pot_ao_outlier,e4m3,int8,e4m3,per_tensor,0.01,768,768,
,,vision.layer.8.qk,vision,8,qk,matmul,true,pot_fp8_outlier,e4m3,e4m3,e4m3,,0.01,,,
,,vision.layer.8.pv,vision,8,pv,matmul,true,pot_fp8_outlier,e4m3,e4m3,e4m3,,0.01,,,
,,vision.layers.8.mlp.fc1,vision,8,fc1,linear,true,pot_ao_outlier,e4m3,int8,e4m3,per_tensor,0.01,768,3072,
,,vision.layers.8.mlp.fc2,vision,8,fc2,linear,true,pot_ao_outlier,e4m3,int8,e4m3,per_tensor,0.01,3072,768,
,,vision.layers.9.self_attn.k_proj,vision,9,k_proj,linear,true,pot_ao_outlier,e4m3,int8,e4m3,per_tensor,0.01,768,768,
,,vision.layers.9.self_attn.v_proj,vision,9,v_proj,linear,true,pot_ao_outlier,e4m3,int8,e4m3,per_tensor,0.01,768,768,
,,vision.layers.9.self_attn.q_proj,vision,9,q_proj,linear,true,pot_ao_outlier,e4m3,int8,e4m3,per_tensor,0.01,768,768,
,,vision.layers.9.self_attn.out_proj,vision,9,out_proj,linear,true,pot_ao_outlier,e4m3,int8,e4m3,per_tensor,0.01,768,768,
,,vision.layer.9.qk,vision,9,qk,matmul,true,pot_fp8_outlier,e4m3,e4m3,e4m3,,0.01,,,
,,vision.layer.9.pv,vision,9,pv,matmul,true,pot_fp8_outlier,e4m3,e4m3,e4m3,,0.01,,,
,,vision.layers.9.mlp.fc1,vision,9,fc1,linear,true,pot_ao_outlier,e4m3,int8,e4m3,per_tensor,0.01,768,3072,
,,vision.layers.9.mlp.fc2,vision,9,fc2,linear,true,pot_ao_outlier,e4m3,int8,e4m3,per_tensor,0.01,3072,768,
,,vision.layers.10.self_attn.k_proj,vision,10,k_proj,linear,true,pot_ao_outlier,e4m3,int8,e4m3,per_tensor,0.01,768,768,
,,vision.layers.10.self_attn.v_proj,vision,10,v_proj,linear,true,pot_ao_outlier,e4m3,int8,e4m3,per_tensor,0.01,768,768,
,,vision.layers.10.self_attn.q_proj,vision,10,q_proj,linear,true,pot_ao_outlier,e4m3,int8,e4m3,per_tensor,0.01,768,768,
,,vision.layers.10.self_attn.out_proj,vision,10,out_proj,linear,true,pot_ao_outlier,e4m3,int8,e4m3,per_tensor,0.01,768,768,
,,vision.layer.10.qk,vision,10,qk,matmul,true,pot_fp8_outlier,e4m3,e4m3,e4m3,,0.01,,,
,,vision.layer.10.pv,vision,10,pv,matmul,true,pot_fp8_outlier,e4m3,e4m3,e4m3,,0.01,,,
,,vision.layers.10.mlp.fc1,vision,10,fc1,linear,true,pot_ao_outlier,e4m3,int8,e4m3,per_tensor,0.01,768,3072,
,,vision.layers.10.mlp.fc2,vision,10,fc2,linear,true,pot_ao_outlier,e4m3,int8,e4m3,per_tensor,0.01,3072,768,
,,vision.layers.11.self_attn.k_proj,vision,11,k_proj,linear,true,pot_ao_outlier,e4m3,int8,e4m3,per_tensor,0.01,768,768,
,,vision.layers.11.self_attn.v_proj,vision,11,v_proj,linear,true,pot_ao_outlier,e4m3,int8,e4m3,per_tensor,0.01,768,768,
,,vision.layers.11.self_attn.q_proj,vision,11,q_proj,linear,true,pot_ao_outlier,e4m3,int8,e4m3,per_tensor,0.01,768,768,
,,vision.layers.11.self_attn.out_proj,vision,11,out_proj,linear,true,pot_ao_outlier,e4m3,int8,e4m3,per_tensor,0.01,768,768,
,,vision.layer.11.qk,vision,11,qk,matmul,true,pot_fp8_outlier,e4m3,e4m3,e4m3,,0.01,,,
,,vision.layer.11.pv,vision,11,pv,matmul,true,pot_fp8_outlier,e4m3,e4m3,e4m3,,0.01,,,
,,vision.layers.11.mlp.fc1,vision,11,fc1,linear,true,pot_ao_outlier,e4m3,int8,e4m3,per_tensor,0.01,768,3072,
,,vision.layers.11.mlp.fc2,vision,11,fc2,linear,true,pot_ao_outlier,e4m3,int8,e4m3,per_tensor,0.01,3072,768,
,,vlm.layers.0.self_attn.q_proj,vlm,0,q_proj,linear,true,pot_ao_outlier,e4m3,int8,e4m3,per_tensor,0.01,960,960,
,,vlm.layers.0.self_attn.k_proj,vlm,0,k_proj,linear,true,pot_ao_outlier,e4m3,int8,e4m3,per_tensor,0.01,960,320,
,,vlm.layers.0.self_attn.v_proj,vlm,0,v_proj,linear,true,pot_ao_outlier,e4m3,int8,e4m3,per_tensor,0.01,960,320,
,,vlm.layers.0.self_attn.o_proj,vlm,0,o_proj,linear,true,pot_ao_outlier,e4m3,int8,e4m3,per_tensor,0.01,960,960,
,,vlm.layers.0.mlp.gate_proj,vlm,0,gate_proj,linear,true,pot_ao_outlier,e4m3,int8,e4m3,per_tensor,0.01,960,2560,
,,vlm.layers.0.mlp.up_proj,vlm,0,up_proj,linear,true,pot_ao_outlier,e4m3,int8,e4m3,per_tensor,0.01,960,2560,
,,vlm.layers.0.mlp.down_proj,vlm,0,down_proj,linear,true,pot_ao_outlier,e4m3,int8,e4m3,per_tensor,0.01,2560,960,
,,vlm.layers.1.self_attn.q_proj,vlm,1,q_proj,linear,true,pot_ao_outlier,e4m3,int8,e4m3,per_tensor,0.01,960,960,
,,vlm.layers.1.self_attn.k_proj,vlm,1,k_proj,linear,true,pot_ao_outlier,e4m3,int8,e4m3,per_tensor,0.01,960,320,
,,vlm.layers.1.self_attn.v_proj,vlm,1,v_proj,linear,true,pot_ao_outlier,e4m3,int8,e4m3,per_tensor,0.01,960,320,
,,vlm.layers.1.self_attn.o_proj,vlm,1,o_proj,linear,true,pot_ao_outlier,e4m3,int8,e4m3,per_tensor,0.01,960,960,
,,vlm.layers.1.mlp.gate_proj,vlm,1,gate_proj,linear,true,pot_ao_outlier,e4m3,int8,e4m3,per_tensor,0.01,960,2560,
,,vlm.layers.1.mlp.up_proj,vlm,1,up_proj,linear,true,pot_ao_outlier,e4m3,int8,e4m3,per_tensor,0.01,960,2560,
,,vlm.layers.1.mlp.down_proj,vlm,1,down_proj,linear,true,pot_ao_outlier,e4m3,int8,e4m3,per_tensor,0.01,2560,960,
,,vlm.layers.2.self_attn.q_proj,vlm,2,q_proj,linear,true,pot_ao_outlier,e4m3,int8,e4m3,per_tensor,0.01,960,960,
,,vlm.layers.2.self_attn.k_proj,vlm,2,k_proj,linear,true,pot_ao_outlier,e4m3,int8,e4m3,per_tensor,0.01,960,320,
,,vlm.layers.2.self_attn.v_proj,vlm,2,v_proj,linear,true,pot_ao_outlier,e4m3,int8,e4m3,per_tensor,0.01,960,320,
,,vlm.layers.2.self_attn.o_proj,vlm,2,o_proj,linear,true,pot_ao_outlier,e4m3,int8,e4m3,per_tensor,0.01,960,960,
,,vlm.layers.2.mlp.gate_proj,vlm,2,gate_proj,linear,true,pot_ao_outlier,e4m3,int8,e4m3,per_tensor,0.01,960,2560,
,,vlm.layers.2.mlp.up_proj,vlm,2,up_proj,linear,true,pot_ao_outlier,e4m3,int8,e4m3,per_tensor,0.01,960,2560,
,,vlm.layers.2.mlp.down_proj,vlm,2,down_proj,linear,true,pot_ao_outlier,e4m3,int8,e4m3,per_tensor,0.01,2560,960,
,,vlm.layers.3.self_attn.q_proj,vlm,3,q_proj,linear,true,pot_ao_outlier,e4m3,int8,e4m3,per_tensor,0.01,960,960,
,,vlm.layers.3.self_attn.k_proj,vlm,3,k_proj,linear,true,pot_ao_outlier,e4m3,int8,e4m3,per_tensor,0.01,960,320,
,,vlm.layers.3.self_attn.v_proj,vlm,3,v_proj,linear,true,pot_ao_outlier,e4m3,int8,e4m3,per_tensor,0.01,960,320,
,,vlm.layers.3.self_attn.o_proj,vlm,3,o_proj,linear,true,pot_ao_outlier,e4m3,int8,e4m3,per_tensor,0.01,960,960,
,,vlm.layers.3.mlp.gate_proj,vlm,3,gate_proj,linear,true,pot_ao_outlier,e4m3,int8,e4m3,per_tensor,0.01,960,2560,
,,vlm.layers.3.mlp.up_proj,vlm,3,up_proj,linear,true,pot_ao_outlier,e4m3,int8,e4m3,per_tensor,0.01,960,2560,
,,vlm.layers.3.mlp.down_proj,vlm,3,down_proj,linear,true,pot_ao_outlier,e4m3,int8,e4m3,per_tensor,0.01,2560,960,
,,vlm.layers.4.self_attn.q_proj,vlm,4,q_proj,linear,true,pot_ao_outlier,e4m3,int8,e4m3,per_tensor,0.01,960,960,
,,vlm.layers.4.self_attn.k_proj,vlm,4,k_proj,linear,true,pot_ao_outlier,e4m3,int8,e4m3,per_tensor,0.01,960,320,
,,vlm.layers.4.self_attn.v_proj,vlm,4,v_proj,linear,true,pot_ao_outlier,e4m3,int8,e4m3,per_tensor,0.01,960,320,
,,vlm.layers.4.self_attn.o_proj,vlm,4,o_proj,linear,true,pot_ao_outlier,e4m3,int8,e4m3,per_tensor,0.01,960,960,
,,vlm.layers.4.mlp.gate_proj,vlm,4,gate_proj,linear,true,pot_ao_outlier,e4m3,int8,e4m3,per_tensor,0.01,960,2560,
,,vlm.layers.4.mlp.up_proj,vlm,4,up_proj,linear,true,pot_ao_outlier,e4m3,int8,e4m3,per_tensor,0.01,960,2560,
,,vlm.layers.4.mlp.down_proj,vlm,4,down_proj,linear,true,pot_ao_outlier,e4m3,int8,e4m3,per_tensor,0.01,2560,960,
,,vlm.layers.5.self_attn.q_proj,vlm,5,q_proj,linear,true,pot_ao_outlier,e4m3,int8,e4m3,per_tensor,0.01,960,960,
,,vlm.layers.5.self_attn.k_proj,vlm,5,k_proj,linear,true,pot_ao_outlier,e4m3,int8,e4m3,per_tensor,0.01,960,320,
,,vlm.layers.5.self_attn.v_proj,vlm,5,v_proj,linear,true,pot_ao_outlier,e4m3,int8,e4m3,per_tensor,0.01,960,320,
,,vlm.layers.5.self_attn.o_proj,vlm,5,o_proj,linear,true,pot_ao_outlier,e4m3,int8,e4m3,per_tensor,0.01,960,960,
,,vlm.layers.5.mlp.gate_proj,vlm,5,gate_proj,linear,true,pot_ao_outlier,e4m3,int8,e4m3,per_tensor,0.01,960,2560,
,,vlm.layers.5.mlp.up_proj,vlm,5,up_proj,linear,true,pot_ao_outlier,e4m3,int8,e4m3,per_tensor,0.01,960,2560,
,,vlm.layers.5.mlp.down_proj,vlm,5,down_proj,linear,true,pot_ao_outlier,e4m3,int8,e4m3,per_tensor,0.01,2560,960,
,,vlm.layers.6.self_attn.q_proj,vlm,6,q_proj,linear,true,pot_ao_outlier,e4m3,int8,e4m3,per_tensor,0.01,960,960,
,,vlm.layers.6.self_attn.k_proj,vlm,6,k_proj,linear,true,pot_ao_outlier,e4m3,int8,e4m3,per_tensor,0.01,960,320,
,,vlm.layers.6.self_attn.v_proj,vlm,6,v_proj,linear,true,pot_ao_outlier,e4m3,int8,e4m3,per_tensor,0.01,960,320,
,,vlm.layers.6.self_attn.o_proj,vlm,6,o_proj,linear,true,pot_ao_outlier,e4m3,int8,e4m3,per_tensor,0.01,960,960,
,,vlm.layers.6.mlp.gate_proj,vlm,6,gate_proj,linear,true,pot_ao_outlier,e4m3,int8,e4m3,per_tensor,0.01,960,2560,
,,vlm.layers.6.mlp.up_proj,vlm,6,up_proj,linear,true,pot_ao_outlier,e4m3,int8,e4m3,per_tensor,0.01,960,2560,
,,vlm.layers.6.mlp.down_proj,vlm,6,down_proj,linear,true,pot_ao_outlier,e4m3,int8,e4m3,per_tensor,0.01,2560,960,
,,vlm.layers.7.self_attn.q_proj,vlm,7,q_proj,linear,true,pot_ao_outlier,e4m3,int8,e4m3,per_tensor,0.01,960,960,
,,vlm.layers.7.self_attn.k_proj,vlm,7,k_proj,linear,true,pot_ao_outlier,e4m3,int8,e4m3,per_tensor,0.01,960,320,
,,vlm.layers.7.self_attn.v_proj,vlm,7,v_proj,linear,true,pot_ao_outlier,e4m3,int8,e4m3,per_tensor,0.01,960,320,
,,vlm.layers.7.self_attn.o_proj,vlm,7,o_proj,linear,true,pot_ao_outlier,e4m3,int8,e4m3,per_tensor,0.01,960,960,
,,vlm.layers.7.mlp.gate_proj,vlm,7,gate_proj,linear,true,pot_ao_outlier,e4m3,int8,e4m3,per_tensor,0.01,960,2560,
,,vlm.layers.7.mlp.up_proj,vlm,7,up_proj,linear,true,pot_ao_outlier,e4m3,int8,e4m3,per_tensor,0.01,960,2560,
,,vlm.layers.7.mlp.down_proj,vlm,7,down_proj,linear,true,pot_ao_outlier,e4m3,int8,e4m3,per_tensor,0.01,2560,960,
,,vlm.layers.8.self_attn.q_proj,vlm,8,q_proj,linear,true,pot_ao_outlier,e4m3,int8,e4m3,per_tensor,0.01,960,960,
,,vlm.layers.8.self_attn.k_proj,vlm,8,k_proj,linear,true,pot_ao_outlier,e4m3,int8,e4m3,per_tensor,0.01,960,320,
,,vlm.layers.8.self_attn.v_proj,vlm,8,v_proj,linear,true,pot_ao_outlier,e4m3,int8,e4m3,per_tensor,0.01,960,320,
,,vlm.layers.8.self_attn.o_proj,vlm,8,o_proj,linear,true,pot_ao_outlier,e4m3,int8,e4m3,per_tensor,0.01,960,960,
,,vlm.layers.8.mlp.gate_proj,vlm,8,gate_proj,linear,true,pot_ao_outlier,e4m3,int8,e4m3,per_tensor,0.01,960,2560,
,,vlm.layers.8.mlp.up_proj,vlm,8,up_proj,linear,true,pot_ao_outlier,e4m3,int8,e4m3,per_tensor,0.01,960,2560,
,,vlm.layers.8.mlp.down_proj,vlm,8,down_proj,linear,true,pot_ao_outlier,e4m3,int8,e4m3,per_tensor,0.01,2560,960,
,,vlm.layers.9.self_attn.q_proj,vlm,9,q_proj,linear,true,pot_ao_outlier,e4m3,int8,e4m3,per_tensor,0.01,960,960,
,,vlm.layers.9.self_attn.k_proj,vlm,9,k_proj,linear,true,pot_ao_outlier,e4m3,int8,e4m3,per_tensor,0.01,960,320,
,,vlm.layers.9.self_attn.v_proj,vlm,9,v_proj,linear,true,pot_ao_outlier,e4m3,int8,e4m3,per_tensor,0.01,960,320,
,,vlm.layers.9.self_attn.o_proj,vlm,9,o_proj,linear,true,pot_ao_outlier,e4m3,int8,e4m3,per_tensor,0.01,960,960,
,,vlm.layers.9.mlp.gate_proj,vlm,9,gate_proj,linear,true,pot_ao_outlier,e4m3,int8,e4m3,per_tensor,0.01,960,2560,
,,vlm.layers.9.mlp.up_proj,vlm,9,up_proj,linear,true,pot_ao_outlier,e4m3,int8,e4m3,per_tensor,0.01,960,2560,
,,vlm.layers.9.mlp.down_proj,vlm,9,down_proj,linear,true,pot_ao_outlier,e4m3,int8,e4m3,per_tensor,0.01,2560,960,
,,vlm.layers.10.self_attn.q_proj,vlm,10,q_proj,linear,true,pot_ao_outlier,e4m3,int8,e4m3,per_tensor,0.01,960,960,
,,vlm.layers.10.self_attn.k_proj,vlm,10,k_proj,linear,true,pot_ao_outlier,e4m3,int8,e4m3,per_tensor,0.01,960,320,
,,vlm.layers.10.self_attn.v_proj,vlm,10,v_proj,linear,true,pot_ao_outlier,e4m3,int8,e4m3,per_tensor,0.01,960,320,
,,vlm.layers.10.self_attn.o_proj,vlm,10,o_proj,linear,true,pot_ao_outlier,e4m3,int8,e4m3,per_tensor,0.01,960,960,
,,vlm.layers.10.mlp.gate_proj,vlm,10,gate_proj,linear,true,pot_ao_outlier,e4m3,int8,e4m3,per_tensor,0.01,960,2560,
,,vlm.layers.10.mlp.up_proj,vlm,10,up_proj,linear,true,pot_ao_outlier,e4m3,int8,e4m3,per_tensor,0.01,960,2560,
,,vlm.layers.10.mlp.down_proj,vlm,10,down_proj,linear,true,pot_ao_outlier,e4m3,int8,e4m3,per_tensor,0.01,2560,960,
,,vlm.layers.11.self_attn.q_proj,vlm,11,q_proj,linear,true,pot_ao_outlier,e4m3,int8,e4m3,per_tensor,0.01,960,960,
,,vlm.layers.11.self_attn.k_proj,vlm,11,k_proj,linear,true,pot_ao_outlier,e4m3,int8,e4m3,per_tensor,0.01,960,320,
,,vlm.layers.11.self_attn.v_proj,vlm,11,v_proj,linear,true,pot_ao_outlier,e4m3,int8,e4m3,per_tensor,0.01,960,320,
,,vlm.layers.11.self_attn.o_proj,vlm,11,o_proj,linear,true,pot_ao_outlier,e4m3,int8,e4m3,per_tensor,0.01,960,960,
,,vlm.layers.11.mlp.gate_proj,vlm,11,gate_proj,linear,true,pot_ao_outlier,e4m3,int8,e4m3,per_tensor,0.01,960,2560,
,,vlm.layers.11.mlp.up_proj,vlm,11,up_proj,linear,true,pot_ao_outlier,e4m3,int8,e4m3,per_tensor,0.01,960,2560,
,,vlm.layers.11.mlp.down_proj,vlm,11,down_proj,linear,true,pot_ao_outlier,e4m3,int8,e4m3,per_tensor,0.01,2560,960,
,,vlm.layers.12.self_attn.q_proj,vlm,12,q_proj,linear,true,pot_ao_outlier,e4m3,int8,e4m3,per_tensor,0.01,960,960,
,,vlm.layers.12.self_attn.k_proj,vlm,12,k_proj,linear,true,pot_ao_outlier,e4m3,int8,e4m3,per_tensor,0.01,960,320,
,,vlm.layers.12.self_attn.v_proj,vlm,12,v_proj,linear,true,pot_ao_outlier,e4m3,int8,e4m3,per_tensor,0.01,960,320,
,,vlm.layers.12.self_attn.o_proj,vlm,12,o_proj,linear,true,pot_ao_outlier,e4m3,int8,e4m3,per_tensor,0.01,960,960,
,,vlm.layers.12.mlp.gate_proj,vlm,12,gate_proj,linear,true,pot_ao_outlier,e4m3,int8,e4m3,per_tensor,0.01,960,2560,
,,vlm.layers.12.mlp.up_proj,vlm,12,up_proj,linear,true,pot_ao_outlier,e4m3,int8,e4m3,per_tensor,0.01,960,2560,
,,vlm.layers.12.mlp.down_proj,vlm,12,down_proj,linear,true,pot_ao_outlier,e4m3,int8,e4m3,per_tensor,0.01,2560,960,
,,vlm.layers.13.self_attn.q_proj,vlm,13,q_proj,linear,true,pot_ao_outlier,e4m3,int8,e4m3,per_tensor,0.01,960,960,
,,vlm.layers.13.self_attn.k_proj,vlm,13,k_proj,linear,true,pot_ao_outlier,e4m3,int8,e4m3,per_tensor,0.01,960,320,
,,vlm.layers.13.self_attn.v_proj,vlm,13,v_proj,linear,true,pot_ao_outlier,e4m3,int8,e4m3,per_tensor,0.01,960,320,
,,vlm.layers.13.self_attn.o_proj,vlm,13,o_proj,linear,true,pot_ao_outlier,e4m3,int8,e4m3,per_tensor,0.01,960,960,
,,vlm.layers.13.mlp.gate_proj,vlm,13,gate_proj,linear,true,pot_ao_outlier,e4m3,int8,e4m3,per_tensor,0.01,960,2560,
,,vlm.layers.13.mlp.up_proj,vlm,13,up_proj,linear,true,pot_ao_outlier,e4m3,int8,e4m3,per_tensor,0.01,960,2560,
,,vlm.layers.13.mlp.down_proj,vlm,13,down_proj,linear,true,pot_ao_outlier,e4m3,int8,e4m3,per_tensor,0.01,2560,960,
,,vlm.layers.14.self_attn.q_proj,vlm,14,q_proj,linear,true,pot_ao_outlier,e4m3,int8,e4m3,per_tensor,0.01,960,960,
,,vlm.layers.14.self_attn.k_proj,vlm,14,k_proj,linear,true,pot_ao_outlier,e4m3,int8,e4m3,per_tensor,0.01,960,320,
,,vlm.layers.14.self_attn.v_proj,vlm,14,v_proj,linear,true,pot_ao_outlier,e4m3,int8,e4m3,per_tensor,0.01,960,320,
,,vlm.layers.14.self_attn.o_proj,vlm,14,o_proj,linear,true,pot_ao_outlier,e4m3,int8,e4m3,per_tensor,0.01,960,960,
,,vlm.layers.14.mlp.gate_proj,vlm,14,gate_proj,linear,true,pot_ao_outlier,e4m3,int8,e4m3,per_tensor,0.01,960,2560,
,,vlm.layers.14.mlp.up_proj,vlm,14,up_proj,linear,true,pot_ao_outlier,e4m3,int8,e4m3,per_tensor,0.01,960,2560,
,,vlm.layers.14.mlp.down_proj,vlm,14,down_proj,linear,true,pot_ao_outlier,e4m3,int8,e4m3,per_tensor,0.01,2560,960,
,,vlm.layers.15.self_attn.q_proj,vlm,15,q_proj,linear,true,pot_ao_outlier,e4m3,int8,e4m3,per_tensor,0.01,960,960,
,,vlm.layers.15.self_attn.k_proj,vlm,15,k_proj,linear,true,pot_ao_outlier,e4m3,int8,e4m3,per_tensor,0.01,960,320,
,,vlm.layers.15.self_attn.v_proj,vlm,15,v_proj,linear,true,pot_ao_outlier,e4m3,int8,e4m3,per_tensor,0.01,960,320,
,,vlm.layers.15.self_attn.o_proj,vlm,15,o_proj,linear,true,pot_ao_outlier,e4m3,int8,e4m3,per_tensor,0.01,960,960,
,,vlm.layers.15.mlp.gate_proj,vlm,15,gate_proj,linear,true,pot_ao_outlier,e4m3,int8,e4m3,per_tensor,0.01,960,2560,
,,vlm.layers.15.mlp.up_proj,vlm,15,up_proj,linear,true,pot_ao_outlier,e4m3,int8,e4m3,per_tensor,0.01,960,2560,
,,vlm.layers.15.mlp.down_proj,vlm,15,down_proj,linear,true,pot_ao_outlier,e4m3,int8,e4m3,per_tensor,0.01,2560,960,
,,expert.layers.0.self_attn.q_proj,expert,0,q_proj,linear,true,pot_ao_outlier,e4m3,int4,e4m3,per_tensor,0.01,720,960,
,,expert.layers.0.self_attn.k_proj,expert,0,k_proj,linear,true,pot_ao_outlier,e4m3,int4,e4m3,per_tensor,0.01,720,320,
,,expert.layers.0.self_attn.v_proj,expert,0,v_proj,linear,true,pot_ao_outlier,e4m3,int4,e4m3,per_tensor,0.01,720,320,
,,expert.layers.0.self_attn.o_proj,expert,0,o_proj,linear,true,pot_ao_outlier,e4m3,int4,e4m3,per_tensor,0.01,960,720,
,,expert.layers.0.mlp.gate_proj,expert,0,gate_proj,linear,true,pot_ao_outlier,e4m3,int4,e4m3,per_tensor,0.01,720,2048,
,,expert.layers.0.mlp.up_proj,expert,0,up_proj,linear,true,pot_ao_outlier,e4m3,int4,e4m3,per_tensor,0.01,720,2048,
,,expert.layers.0.mlp.down_proj,expert,0,down_proj,linear,true,pot_ao_outlier,e4m3,int4,e4m3,per_tensor,0.01,2048,720,
,,expert.layers.1.self_attn.q_proj,expert,1,q_proj,linear,true,pot_ao_outlier,e4m3,int4,e4m3,per_tensor,0.01,720,960,
,,expert.layers.1.self_attn.k_proj,expert,1,k_proj,linear,true,pot_ao_outlier,e4m3,int4,e4m3,per_tensor,0.01,320,320,
,,expert.layers.1.self_attn.v_proj,expert,1,v_proj,linear,true,pot_ao_outlier,e4m3,int4,e4m3,per_tensor,0.01,320,320,
,,expert.layers.1.self_attn.o_proj,expert,1,o_proj,linear,true,pot_ao_outlier,e4m3,int4,e4m3,per_tensor,0.01,960,720,
,,expert.layers.1.mlp.gate_proj,expert,1,gate_proj,linear,true,pot_ao_outlier,e4m3,int4,e4m3,per_tensor,0.01,720,2048,
,,expert.layers.1.mlp.up_proj,expert,1,up_proj,linear,true,pot_ao_outlier,e4m3,int4,e4m3,per_tensor,0.01,720,2048,
,,expert.layers.1.mlp.down_proj,expert,1,down_proj,linear,true,pot_ao_outlier,e4m3,int4,e4m3,per_tensor,0.01,2048,720,
,,expert.layers.2.self_attn.q_proj,expert,2,q_proj,linear,true,pot_ao_outlier,e4m3,int4,e4m3,per_tensor,0.01,720,960,
,,expert.layers.2.self_attn.k_proj,expert,2,k_proj,linear,true,pot_ao_outlier,e4m3,int4,e4m3,per_tensor,0.01,720,320,
,,expert.layers.2.self_attn.v_proj,expert,2,v_proj,linear,true,pot_ao_outlier,e4m3,int4,e4m3,per_tensor,0.01,720,320,
,,expert.layers.2.self_attn.o_proj,expert,2,o_proj,linear,true,pot_ao_outlier,e4m3,int4,e4m3,per_tensor,0.01,960,720,
,,expert.layers.2.mlp.gate_proj,expert,2,gate_proj,linear,true,pot_ao_outlier,e4m3,int4,e4m3,per_tensor,0.01,720,2048,
,,expert.layers.2.mlp.up_proj,expert,2,up_proj,linear,true,pot_ao_outlier,e4m3,int4,e4m3,per_tensor,0.01,720,2048,
,,expert.layers.2.mlp.down_proj,expert,2,down_proj,linear,true,pot_ao_outlier,e4m3,int4,e4m3,per_tensor,0.01,2048,720,
,,expert.layers.3.self_attn.q_proj,expert,3,q_proj,linear,true,pot_ao_outlier,e4m3,int4,e4m3,per_tensor,0.01,720,960,
,,expert.layers.3.self_attn.k_proj,expert,3,k_proj,linear,true,pot_ao_outlier,e4m3,int4,e4m3,per_tensor,0.01,320,320,
,,expert.layers.3.self_attn.v_proj,expert,3,v_proj,linear,true,pot_ao_outlier,e4m3,int4,e4m3,per_tensor,0.01,320,320,
,,expert.layers.3.self_attn.o_proj,expert,3,o_proj,linear,true,pot_ao_outlier,e4m3,int4,e4m3,per_tensor,0.01,960,720,
,,expert.layers.3.mlp.gate_proj,expert,3,gate_proj,linear,true,pot_ao_outlier,e4m3,int4,e4m3,per_tensor,0.01,720,2048,
,,expert.layers.3.mlp.up_proj,expert,3,up_proj,linear,true,pot_ao_outlier,e4m3,int4,e4m3,per_tensor,0.01,720,2048,
,,expert.layers.3.mlp.down_proj,expert,3,down_proj,linear,true,pot_ao_outlier,e4m3,int4,e4m3,per_tensor,0.01,2048,720,
,,expert.layers.4.self_attn.q_proj,expert,4,q_proj,linear,true,pot_ao_outlier,e4m3,int4,e4m3,per_tensor,0.01,720,960,
,,expert.layers.4.self_attn.k_proj,expert,4,k_proj,linear,true,pot_ao_outlier,e4m3,int4,e4m3,per_tensor,0.01,720,320,
,,expert.layers.4.self_attn.v_proj,expert,4,v_proj,linear,true,pot_ao_outlier,e4m3,int4,e4m3,per_tensor,0.01,720,320,
,,expert.layers.4.self_attn.o_proj,expert,4,o_proj,linear,true,pot_ao_outlier,e4m3,int4,e4m3,per_tensor,0.01,960,720,
,,expert.layers.4.mlp.gate_proj,expert,4,gate_proj,linear,true,pot_ao_outlier,e4m3,int4,e4m3,per_tensor,0.01,720,2048,
,,expert.layers.4.mlp.up_proj,expert,4,up_proj,linear,true,pot_ao_outlier,e4m3,int4,e4m3,per_tensor,0.01,720,2048,
,,expert.layers.4.mlp.down_proj,expert,4,down_proj,linear,true,pot_ao_outlier,e4m3,int4,e4m3,per_tensor,0.01,2048,720,
,,expert.layers.5.self_attn.q_proj,expert,5,q_proj,linear,true,pot_ao_outlier,e4m3,int4,e4m3,per_tensor,0.01,720,960,
,,expert.layers.5.self_attn.k_proj,expert,5,k_proj,linear,true,pot_ao_outlier,e4m3,int4,e4m3,per_tensor,0.01,320,320,
,,expert.layers.5.self_attn.v_proj,expert,5,v_proj,linear,true,pot_ao_outlier,e4m3,int4,e4m3,per_tensor,0.01,320,320,
,,expert.layers.5.self_attn.o_proj,expert,5,o_proj,linear,true,pot_ao_outlier,e4m3,int4,e4m3,per_tensor,0.01,960,720,
,,expert.layers.5.mlp.gate_proj,expert,5,gate_proj,linear,true,pot_ao_outlier,e4m3,int4,e4m3,per_tensor,0.01,720,2048,
,,expert.layers.5.mlp.up_proj,expert,5,up_proj,linear,true,pot_ao_outlier,e4m3,int4,e4m3,per_tensor,0.01,720,2048,
,,expert.layers.5.mlp.down_proj,expert,5,down_proj,linear,true,pot_ao_outlier,e4m3,int4,e4m3,per_tensor,0.01,2048,720,
,,expert.layers.6.self_attn.q_proj,expert,6,q_proj,linear,true,pot_ao_outlier,e4m3,int4,e4m3,per_tensor,0.01,720,960,
,,expert.layers.6.self_attn.k_proj,expert,6,k_proj,linear,true,pot_ao_outlier,e4m3,int4,e4m3,per_tensor,0.01,720,320,
,,expert.layers.6.self_attn.v_proj,expert,6,v_proj,linear,true,pot_ao_outlier,e4m3,int4,e4m3,per_tensor,0.01,720,320,
,,expert.layers.6.self_attn.o_proj,expert,6,o_proj,linear,true,pot_ao_outlier,e4m3,int4,e4m3,per_tensor,0.01,960,720,
,,expert.layers.6.mlp.gate_proj,expert,6,gate_proj,linear,true,pot_ao_outlier,e4m3,int4,e4m3,per_tensor,0.01,720,2048,
,,expert.layers.6.mlp.up_proj,expert,6,up_proj,linear,true,pot_ao_outlier,e4m3,int4,e4m3,per_tensor,0.01,720,2048,
,,expert.layers.6.mlp.down_proj,expert,6,down_proj,linear,true,pot_ao_outlier,e4m3,int4,e4m3,per_tensor,0.01,2048,720,
,,expert.layers.7.self_attn.q_proj,expert,7,q_proj,linear,true,pot_ao_outlier,e4m3,int4,e4m3,per_tensor,0.01,720,960,
,,expert.layers.7.self_attn.k_proj,expert,7,k_proj,linear,true,pot_ao_outlier,e4m3,int4,e4m3,per_tensor,0.01,320,320,
,,expert.layers.7.self_attn.v_proj,expert,7,v_proj,linear,true,pot_ao_outlier,e4m3,int4,e4m3,per_tensor,0.01,320,320,
,,expert.layers.7.self_attn.o_proj,expert,7,o_proj,linear,true,pot_ao_outlier,e4m3,int4,e4m3,per_tensor,0.01,960,720,
,,expert.layers.7.mlp.gate_proj,expert,7,gate_proj,linear,true,pot_ao_outlier,e4m3,int4,e4m3,per_tensor,0.01,720,2048,
,,expert.layers.7.mlp.up_proj,expert,7,up_proj,linear,true,pot_ao_outlier,e4m3,int4,e4m3,per_tensor,0.01,720,2048,
,,expert.layers.7.mlp.down_proj,expert,7,down_proj,linear,true,pot_ao_outlier,e4m3,int4,e4m3,per_tensor,0.01,2048,720,
,,expert.layers.8.self_attn.q_proj,expert,8,q_proj,linear,true,pot_ao_outlier,e4m3,int4,e4m3,per_tensor,0.01,720,960,
,,expert.layers.8.self_attn.k_proj,expert,8,k_proj,linear,true,pot_ao_outlier,e4m3,int4,e4m3,per_tensor,0.01,720,320,
,,expert.layers.8.self_attn.v_proj,expert,8,v_proj,linear,true,pot_ao_outlier,e4m3,int4,e4m3,per_tensor,0.01,720,320,
,,expert.layers.8.self_attn.o_proj,expert,8,o_proj,linear,true,pot_ao_outlier,e4m3,int4,e4m3,per_tensor,0.01,960,720,
,,expert.layers.8.mlp.gate_proj,expert,8,gate_proj,linear,true,pot_ao_outlier,e4m3,int4,e4m3,per_tensor,0.01,720,2048,
,,expert.layers.8.mlp.up_proj,expert,8,up_proj,linear,true,pot_ao_outlier,e4m3,int4,e4m3,per_tensor,0.01,720,2048,
,,expert.layers.8.mlp.down_proj,expert,8,down_proj,linear,true,pot_ao_outlier,e4m3,int4,e4m3,per_tensor,0.01,2048,720,
,,expert.layers.9.self_attn.q_proj,expert,9,q_proj,linear,true,pot_ao_outlier,e4m3,int4,e4m3,per_tensor,0.01,720,960,
,,expert.layers.9.self_attn.k_proj,expert,9,k_proj,linear,true,pot_ao_outlier,e4m3,int4,e4m3,per_tensor,0.01,320,320,
,,expert.layers.9.self_attn.v_proj,expert,9,v_proj,linear,true,pot_ao_outlier,e4m3,int4,e4m3,per_tensor,0.01,320,320,
,,expert.layers.9.self_attn.o_proj,expert,9,o_proj,linear,true,pot_ao_outlier,e4m3,int4,e4m3,per_tensor,0.01,960,720,
,,expert.layers.9.mlp.gate_proj,expert,9,gate_proj,linear,true,pot_ao_outlier,e4m3,int4,e4m3,per_tensor,0.01,720,2048,
,,expert.layers.9.mlp.up_proj,expert,9,up_proj,linear,true,pot_ao_outlier,e4m3,int4,e4m3,per_tensor,0.01,720,2048,
,,expert.layers.9.mlp.down_proj,expert,9,down_proj,linear,true,pot_ao_outlier,e4m3,int4,e4m3,per_tensor,0.01,2048,720,
,,expert.layers.10.self_attn.q_proj,expert,10,q_proj,linear,true,pot_ao_outlier,e4m3,int4,e4m3,per_tensor,0.01,720,960,
,,expert.layers.10.self_attn.k_proj,expert,10,k_proj,linear,true,pot_ao_outlier,e4m3,int4,e4m3,per_tensor,0.01,720,320,
,,expert.layers.10.self_attn.v_proj,expert,10,v_proj,linear,true,pot_ao_outlier,e4m3,int4,e4m3,per_tensor,0.01,720,320,
,,expert.layers.10.self_attn.o_proj,expert,10,o_proj,linear,true,pot_ao_outlier,e4m3,int4,e4m3,per_tensor,0.01,960,720,
,,expert.layers.10.mlp.gate_proj,expert,10,gate_proj,linear,true,pot_ao_outlier,e4m3,int4,e4m3,per_tensor,0.01,720,2048,
,,expert.layers.10.mlp.up_proj,expert,10,up_proj,linear,true,pot_ao_outlier,e4m3,int4,e4m3,per_tensor,0.01,720,2048,
,,expert.layers.10.mlp.down_proj,expert,10,down_proj,linear,true,pot_ao_outlier,e4m3,int4,e4m3,per_tensor,0.01,2048,720,
,,expert.layers.11.self_attn.q_proj,expert,11,q_proj,linear,true,pot_ao_outlier,e4m3,int4,e4m3,per_tensor,0.01,720,960,
,,expert.layers.11.self_attn.k_proj,expert,11,k_proj,linear,true,pot_ao_outlier,e4m3,int4,e4m3,per_tensor,0.01,320,320,
,,expert.layers.11.self_attn.v_proj,expert,11,v_proj,linear,true,pot_ao_outlier,e4m3,int4,e4m3,per_tensor,0.01,320,320,
,,expert.layers.11.self_attn.o_proj,expert,11,o_proj,linear,true,pot_ao_outlier,e4m3,int4,e4m3,per_tensor,0.01,960,720,
,,expert.layers.11.mlp.gate_proj,expert,11,gate_proj,linear,true,pot_ao_outlier,e4m3,int4,e4m3,per_tensor,0.01,720,2048,
,,expert.layers.11.mlp.up_proj,expert,11,up_proj,linear,true,pot_ao_outlier,e4m3,int4,e4m3,per_tensor,0.01,720,2048,
,,expert.layers.11.mlp.down_proj,expert,11,down_proj,linear,true,pot_ao_outlier,e4m3,int4,e4m3,per_tensor,0.01,2048,720,
,,expert.layers.12.self_attn.q_proj,expert,12,q_proj,linear,true,pot_ao_outlier,e4m3,int4,e4m3,per_tensor,0.01,720,960,
,,expert.layers.12.self_attn.k_proj,expert,12,k_proj,linear,true,pot_ao_outlier,e4m3,int4,e4m3,per_tensor,0.01,720,320,
,,expert.layers.12.self_attn.v_proj,expert,12,v_proj,linear,true,pot_ao_outlier,e4m3,int4,e4m3,per_tensor,0.01,720,320,
,,expert.layers.12.self_attn.o_proj,expert,12,o_proj,linear,true,pot_ao_outlier,e4m3,int4,e4m3,per_tensor,0.01,960,720,
,,expert.layers.12.mlp.gate_proj,expert,12,gate_proj,linear,true,pot_ao_outlier,e4m3,int4,e4m3,per_tensor,0.01,720,2048,
,,expert.layers.12.mlp.up_proj,expert,12,up_proj,linear,true,pot_ao_outlier,e4m3,int4,e4m3,per_tensor,0.01,720,2048,
,,expert.layers.12.mlp.down_proj,expert,12,down_proj,linear,true,pot_ao_outlier,e4m3,int4,e4m3,per_tensor,0.01,2048,720,
,,expert.layers.13.self_attn.q_proj,expert,13,q_proj,linear,true,pot_ao_outlier,e4m3,int4,e4m3,per_tensor,0.01,720,960,
,,expert.layers.13.self_attn.k_proj,expert,13,k_proj,linear,true,pot_ao_outlier,e4m3,int4,e4m3,per_tensor,0.01,320,320,
,,expert.layers.13.self_attn.v_proj,expert,13,v_proj,linear,true,pot_ao_outlier,e4m3,int4,e4m3,per_tensor,0.01,320,320,
,,expert.layers.13.self_attn.o_proj,expert,13,o_proj,linear,true,pot_ao_outlier,e4m3,int4,e4m3,per_tensor,0.01,960,720,
,,expert.layers.13.mlp.gate_proj,expert,13,gate_proj,linear,true,pot_ao_outlier,e4m3,int4,e4m3,per_tensor,0.01,720,2048,
,,expert.layers.13.mlp.up_proj,expert,13,up_proj,linear,true,pot_ao_outlier,e4m3,int4,e4m3,per_tensor,0.01,720,2048,
,,expert.layers.13.mlp.down_proj,expert,13,down_proj,linear,true,pot_ao_outlier,e4m3,int4,e4m3,per_tensor,0.01,2048,720,
,,expert.layers.14.self_attn.q_proj,expert,14,q_proj,linear,true,pot_ao_outlier,e4m3,int4,e4m3,per_tensor,0.01,720,960,
,,expert.layers.14.self_attn.k_proj,expert,14,k_proj,linear,true,pot_ao_outlier,e4m3,int4,e4m3,per_tensor,0.01,720,320,
,,expert.layers.14.self_attn.v_proj,expert,14,v_proj,linear,true,pot_ao_outlier,e4m3,int4,e4m3,per_tensor,0.01,720,320,
,,expert.layers.14.self_attn.o_proj,expert,14,o_proj,linear,true,pot_ao_outlier,e4m3,int4,e4m3,per_tensor,0.01,960,720,
,,expert.layers.14.mlp.gate_proj,expert,14,gate_proj,linear,true,pot_ao_outlier,e4m3,int4,e4m3,per_tensor,0.01,720,2048,
,,expert.layers.14.mlp.up_proj,expert,14,up_proj,linear,true,pot_ao_outlier,e4m3,int4,e4m3,per_tensor,0.01,720,2048,
,,expert.layers.14.mlp.down_proj,expert,14,down_proj,linear,true,pot_ao_outlier,e4m3,int4,e4m3,per_tensor,0.01,2048,720,
,,expert.layers.15.self_attn.q_proj,expert,15,q_proj,linear,true,pot_ao_outlier,e4m3,int4,e4m3,per_tensor,0.01,720,960,
,,expert.layers.15.self_attn.k_proj,expert,15,k_proj,linear,true,pot_ao_outlier,e4m3,int4,e4m3,per_tensor,0.01,320,320,
,,expert.layers.15.self_attn.v_proj,expert,15,v_proj,linear,true,pot_ao_outlier,e4m3,int4,e4m3,per_tensor,0.01,320,320,
,,expert.layers.15.self_attn.o_proj,expert,15,o_proj,linear,true,pot_ao_outlier,e4m3,int4,e4m3,per_tensor,0.01,960,720,
,,expert.layers.15.mlp.gate_proj,expert,15,gate_proj,linear,true,pot_ao_outlier,e4m3,int4,e4m3,per_tensor,0.01,720,2048,
,,expert.layers.15.mlp.up_proj,expert,15,up_proj,linear,true,pot_ao_outlier,e4m3,int4,e4m3,per_tensor,0.01,720,2048,
,,expert.layers.15.mlp.down_proj,expert,15,down_proj,linear,true,pot_ao_outlier,e4m3,int4,e4m3,per_tensor,0.01,2048,720,
,,vlm.layer.0.qk,vlm,0,qk,matmul,true,pot_fp8_outlier,e4m3,e4m3,e4m3,,0.01,,,
,,vlm.layer.0.pv,vlm,0,pv,matmul,true,pot_fp8_outlier,e4m3,e4m3,e4m3,,0.01,,,
,,vlm.layer.1.qk,vlm,1,qk,matmul,true,pot_fp8_outlier,e4m3,e4m3,e4m3,,0.01,,,
,,vlm.layer.1.pv,vlm,1,pv,matmul,true,pot_fp8_outlier,e4m3,e4m3,e4m3,,0.01,,,
,,vlm.layer.2.qk,vlm,2,qk,matmul,true,pot_fp8_outlier,e4m3,e4m3,e4m3,,0.01,,,
,,vlm.layer.2.pv,vlm,2,pv,matmul,true,pot_fp8_outlier,e4m3,e4m3,e4m3,,0.01,,,
,,vlm.layer.3.qk,vlm,3,qk,matmul,true,pot_fp8_outlier,e4m3,e4m3,e4m3,,0.01,,,
,,vlm.layer.3.pv,vlm,3,pv,matmul,true,pot_fp8_outlier,e4m3,e4m3,e4m3,,0.01,,,
,,vlm.layer.4.qk,vlm,4,qk,matmul,true,pot_fp8_outlier,e4m3,e4m3,e4m3,,0.01,,,
,,vlm.layer.4.pv,vlm,4,pv,matmul,true,pot_fp8_outlier,e4m3,e4m3,e4m3,,0.01,,,
,,vlm.layer.5.qk,vlm,5,qk,matmul,true,pot_fp8_outlier,e4m3,e4m3,e4m3,,0.01,,,
,,vlm.layer.5.pv,vlm,5,pv,matmul,true,pot_fp8_outlier,e4m3,e4m3,e4m3,,0.01,,,
,,vlm.layer.6.qk,vlm,6,qk,matmul,true,pot_fp8_outlier,e4m3,e4m3,e4m3,,0.01,,,
,,vlm.layer.6.pv,vlm,6,pv,matmul,true,pot_fp8_outlier,e4m3,e4m3,e4m3,,0.01,,,
,,vlm.layer.7.qk,vlm,7,qk,matmul,true,pot_fp8_outlier,e4m3,e4m3,e4m3,,0.01,,,
,,vlm.layer.7.pv,vlm,7,pv,matmul,true,pot_fp8_outlier,e4m3,e4m3,e4m3,,0.01,,,
,,vlm.layer.8.qk,vlm,8,qk,matmul,true,pot_fp8_outlier,e4m3,e4m3,e4m3,,0.01,,,
,,vlm.layer.8.pv,vlm,8,pv,matmul,true,pot_fp8_outlier,e4m3,e4m3,e4m3,,0.01,,,
,,vlm.layer.9.qk,vlm,9,qk,matmul,true,pot_fp8_outlier,e4m3,e4m3,e4m3,,0.01,,,
,,vlm.layer.9.pv,vlm,9,pv,matmul,true,pot_fp8_outlier,e4m3,e4m3,e4m3,,0.01,,,
,,vlm.layer.10.qk,vlm,10,qk,matmul,true,pot_fp8_outlier,e4m3,e4m3,e4m3,,0.01,,,
,,vlm.layer.10.pv,vlm,10,pv,matmul,true,pot_fp8_outlier,e4m3,e4m3,e4m3,,0.01,,,
,,vlm.layer.11.qk,vlm,11,qk,matmul,true,pot_fp8_outlier,e4m3,e4m3,e4m3,,0.01,,,
,,vlm.layer.11.pv,vlm,11,pv,matmul,true,pot_fp8_outlier,e4m3,e4m3,e4m3,,0.01,,,
,,vlm.layer.12.qk,vlm,12,qk,matmul,true,pot_fp8_outlier,e4m3,e4m3,e4m3,,0.01,,,
,,vlm.layer.12.pv,vlm,12,pv,matmul,true,pot_fp8_outlier,e4m3,e4m3,e4m3,,0.01,,,
,,vlm.layer.13.qk,vlm,13,qk,matmul,true,pot_fp8_outlier,e4m3,e4m3,e4m3,,0.01,,,
,,vlm.layer.13.pv,vlm,13,pv,matmul,true,pot_fp8_outlier,e4m3,e4m3,e4m3,,0.01,,,
,,vlm.layer.14.qk,vlm,14,qk,matmul,true,pot_fp8_outlier,e4m3,e4m3,e4m3,,0.01,,,
,,vlm.layer.14.pv,vlm,14,pv,matmul,true,pot_fp8_outlier,e4m3,e4m3,e4m3,,0.01,,,
,,vlm.layer.15.qk,vlm,15,qk,matmul,true,pot_fp8_outlier,e4m3,e4m3,e4m3,,0.01,,,
,,vlm.layer.15.pv,vlm,15,pv,matmul,true,pot_fp8_outlier,e4m3,e4m3,e4m3,,0.01,,,
,,expert.layer.0.qk,expert,0,qk,matmul,true,pot_fp8_outlier,e4m3,e4m3,e4m3,,0.01,,,
,,expert.layer.0.pv,expert,0,pv,matmul,true,pot_fp8_outlier,e4m3,e4m3,e4m3,,0.01,,,
,,expert.layer.1.qk,expert,1,qk,matmul,true,pot_fp8_outlier,e4m3,e4m3,e4m3,,0.01,,,
,,expert.layer.1.pv,expert,1,pv,matmul,true,pot_fp8_outlier,e4m3,e4m3,e4m3,,0.01,,,
,,expert.layer.2.qk,expert,2,qk,matmul,true,pot_fp8_outlier,e4m3,e4m3,e4m3,,0.01,,,
,,expert.layer.2.pv,expert,2,pv,matmul,true,pot_fp8_outlier,e4m3,e4m3,e4m3,,0.01,,,
,,expert.layer.3.qk,expert,3,qk,matmul,true,pot_fp8_outlier,e4m3,e4m3,e4m3,,0.01,,,
,,expert.layer.3.pv,expert,3,pv,matmul,true,pot_fp8_outlier,e4m3,e4m3,e4m3,,0.01,,,
,,expert.layer.4.qk,expert,4,qk,matmul,true,pot_fp8_outlier,e4m3,e4m3,e4m3,,0.01,,,
,,expert.layer.4.pv,expert,4,pv,matmul,true,pot_fp8_outlier,e4m3,e4m3,e4m3,,0.01,,,
,,expert.layer.5.qk,expert,5,qk,matmul,true,pot_fp8_outlier,e4m3,e4m3,e4m3,,0.01,,,
,,expert.layer.5.pv,expert,5,pv,matmul,true,pot_fp8_outlier,e4m3,e4m3,e4m3,,0.01,,,
,,expert.layer.6.qk,expert,6,qk,matmul,true,pot_fp8_outlier,e4m3,e4m3,e4m3,,0.01,,,
,,expert.layer.6.pv,expert,6,pv,matmul,true,pot_fp8_outlier,e4m3,e4m3,e4m3,,0.01,,,
,,expert.layer.7.qk,expert,7,qk,matmul,true,pot_fp8_outlier,e4m3,e4m3,e4m3,,0.01,,,
,,expert.layer.7.pv,expert,7,pv,matmul,true,pot_fp8_outlier,e4m3,e4m3,e4m3,,0.01,,,
,,expert.layer.8.qk,expert,8,qk,matmul,true,pot_fp8_outlier,e4m3,e4m3,e4m3,,0.01,,,
,,expert.layer.8.pv,expert,8,pv,matmul,true,pot_fp8_outlier,e4m3,e4m3,e4m3,,0.01,,,
,,expert.layer.9.qk,expert,9,qk,matmul,true,pot_fp8_outlier,e4m3,e4m3,e4m3,,0.01,,,
,,expert.layer.9.pv,expert,9,pv,matmul,true,pot_fp8_outlier,e4m3,e4m3,e4m3,,0.01,,,
,,expert.layer.10.qk,expert,10,qk,matmul,true,pot_fp8_outlier,e4m3,e4m3,e4m3,,0.01,,,
,,expert.layer.10.pv,expert,10,pv,matmul,true,pot_fp8_outlier,e4m3,e4m3,e4m3,,0.01,,,
,,expert.layer.11.qk,expert,11,qk,matmul,true,pot_fp8_outlier,e4m3,e4m3,e4m3,,0.01,,,
,,expert.layer.11.pv,expert,11,pv,matmul,true,pot_fp8_outlier,e4m3,e4m3,e4m3,,0.01,,,
,,expert.layer.12.qk,expert,12,qk,matmul,true,pot_fp8_outlier,e4m3,e4m3,e4m3,,0.01,,,
,,expert.layer.12.pv,expert,12,pv,matmul,true,pot_fp8_outlier,e4m3,e4m3,e4m3,,0.01,,,
,,expert.layer.13.qk,expert,13,qk,matmul,true,pot_fp8_outlier,e4m3,e4m3,e4m3,,0.01,,,
,,expert.layer.13.pv,expert,13,pv,matmul,true,pot_fp8_outlier,e4m3,e4m3,e4m3,,0.01,,,
,,expert.layer.14.qk,expert,14,qk,matmul,true,pot_fp8_outlier,e4m3,e4m3,e4m3,,0.01,,,
,,expert.layer.14.pv,expert,14,pv,matmul,true,pot_fp8_outlier,e4m3,e4m3,e4m3,,0.01,,,
,,expert.layer.15.qk,expert,15,qk,matmul,true,pot_fp8_outlier,e4m3,e4m3,e4m3,,0.01,,,
,,expert.layer.15.pv,expert,15,pv,matmul,true,pot_fp8_outlier,e4m3,e4m3,e4m3,,0.01,,,
