config,model_path,module_id,component,operator,layer_idx,weight_spec,stat_semantics,total_elements,zero_elements,zero_rate,total_bits,sparse_bits,sparse_bit_rate,amplitude_zero_bits,amplitude_zero_bit_rate,ideal_sparse_upper_bound,1_bits
,,expert.layers.0.mlp.down_proj,expert,down_proj,0,int4,full_weight_quantized_no_dynamic_outlier_mask,1474560,143693,0.09744805230034723,5898240,4378492,0.7423387315538195,3468905,0.5881254408094618,3.8810644922710873,2429335
,,expert.layers.0.mlp.gate_proj,expert,gate_proj,0,int4,full_weight_quantized_no_dynamic_outlier_mask,1474560,147200,0.0998263888888889,5898240,4385201,0.7434761895073785,3474094,0.5890051947699653,3.898273606959239,2424146
,,expert.layers.0.mlp.up_proj,expert,up_proj,0,int4,full_weight_quantized_no_dynamic_outlier_mask,1474560,147573,0.100079345703125,5898240,4386072,0.7436238606770833,3473304,0.5888712565104167,3.900518989953497,2424936
,,expert.layers.0.self_attn.k_proj,expert,k_proj,0,int4,full_weight_quantized_no_dynamic_outlier_mask,230400,20636,0.08956597222222222,921600,680476,0.7383637152777778,539438,0.5853276909722223,3.822099832451353,382162
,,expert.layers.0.self_attn.o_proj,expert,o_proj,0,int4,full_weight_quantized_no_dynamic_outlier_mask,691200,65300,0.09447337962962964,2764800,2050386,0.7416037326388889,1622811,0.5869542100694445,3.870024943520144,1141989
,,expert.layers.0.self_attn.q_proj,expert,q_proj,0,int4,full_weight_quantized_no_dynamic_outlier_mask,691200,59983,0.08678096064814815,2764800,2037976,0.7371151620370371,1614384,0.58390625,3.803947035320794,1150416
,,expert.layers.0.self_attn.v_proj,expert,v_proj,0,int4,full_weight_quantized_no_dynamic_outlier_mask,230400,23289,0.10108072916666666,921600,686566,0.7449717881944444,543493,0.5897276475694444,3.921134814537471,378107
,,expert.layers.1.mlp.down_proj,expert,down_proj,1,int4,full_weight_quantized_no_dynamic_outlier_mask,1474560,141844,0.09619411892361111,5898240,4362227,0.7395811292860243,3458400,0.5863444010416666,3.839967500275062,2439840
,,expert.layers.1.mlp.gate_proj,expert,gate_proj,1,int4,full_weight_quantized_no_dynamic_outlier_mask,1474560,145282,0.09852566189236112,5898240,4377782,0.7422183566623264,3469906,0.5882951524522569,3.879252172700594,2428334
,,expert.layers.1.mlp.up_proj,expert,up_proj,1,int4,full_weight_quantized_no_dynamic_outlier_mask,1474560,148189,0.10049709743923611,5898240,4382904,0.7430867513020833,3474822,0.5891286214192708,3.892364465702656,2423418
,,expert.layers.1.self_attn.k_proj,expert,k_proj,1,int4,full_weight_quantized_no_dynamic_outlier_mask,102400,10332,0.1008984375,409600,295163,0.72061279296875,232667,0.56803466796875,3.579261951991052,176933
,,expert.layers.1.self_attn.o_proj,expert,o_proj,1,int4,full_weight_quantized_no_dynamic_outlier_mask,691200,55871,0.08083188657407407,2764800,2031696,0.73484375,1608070,0.5816225405092592,3.7713612256923987,1156730
,,expert.layers.1.self_attn.q_proj,expert,q_proj,1,int4,full_weight_quantized_no_dynamic_outlier_mask,691200,58488,0.08461805555555556,2764800,2030875,0.7345468026620371,1611645,0.5829155815972222,3.7671424191845224,1153155
,,expert.layers.1.self_attn.v_proj,expert,v_proj,1,int4,full_weight_quantized_no_dynamic_outlier_mask,102400,10104,0.098671875,409600,295836,0.722255859375,233337,0.56967041015625,3.6004359902957,176263
,,expert.layers.10.mlp.down_proj,expert,down_proj,10,int4,full_weight_quantized_no_dynamic_outlier_mask,1474560,124004,0.08409559461805556,5898240,4343920,0.7364773220486112,3439951,0.5832165188259548,3.7947398219156936,2458289
,,expert.layers.10.mlp.gate_proj,expert,gate_proj,10,int4,full_weight_quantized_no_dynamic_outlier_mask,1474560,122530,0.0830959743923611,5898240,4341018,0.7359853108723958,3436777,0.5826783921983507,3.787668039624408,2461463
,,expert.layers.10.mlp.up_proj,expert,up_proj,10,int4,full_weight_quantized_no_dynamic_outlier_mask,1474560,125829,0.085333251953125,5898240,4348007,0.7371702406141493,3440771,0.5833555433485244,3.804744190066912,2457469
,,expert.layers.10.self_attn.k_proj,expert,k_proj,10,int4,full_weight_quantized_no_dynamic_outlier_mask,230400,13028,0.05654513888888889,921600,668216,0.7250607638888888,526735,0.5715440538194444,3.6371673033814282,394865
,,expert.layers.10.self_attn.o_proj,expert,o_proj,10,int4,full_weight_quantized_no_dynamic_outlier_mask,691200,64843,0.09381221064814815,2764800,2049366,0.7412348090277778,1620842,0.5862420428240741,3.864507417875025,1143958
,,expert.layers.10.self_attn.q_proj,expert,q_proj,10,int4,full_weight_quantized_no_dynamic_outlier_mask,691200,47770,0.06911168981481482,2764800,2018782,0.7301728877314815,1595672,0.5771383101851851,3.7060767970746014,1169128
,,expert.layers.10.self_attn.v_proj,expert,v_proj,10,int4,full_weight_quantized_no_dynamic_outlier_mask,230400,19742,0.08568576388888889,921600,678714,0.7364518229166667,536681,0.5823361545138889,3.794372668659371,384919
,,expert.layers.11.mlp.down_proj,expert,down_proj,11,int4,full_weight_quantized_no_dynamic_outlier_mask,1474560,120841,0.08195054796006944,5898240,4340584,0.7359117296006944,3434823,0.5823471069335937,3.7866127052442895,2463417
,,expert.layers.11.mlp.gate_proj,expert,gate_proj,11,int4,full_weight_quantized_no_dynamic_outlier_mask,1474560,117448,0.07964952256944445,5898240,4325775,0.7334009806315104,3420538,0.5799251980251736,3.7509515315126247,2477702
,,expert.layers.11.mlp.up_proj,expert,up_proj,11,int4,full_weight_quantized_no_dynamic_outlier_mask,1474560,122180,0.0828586154513889,5898240,4345154,0.7366865370008681,3436222,0.5825842963324652,3.797754921491791,2462018
,,expert.layers.11.self_attn.k_proj,expert,k_proj,11,int4,full_weight_quantized_no_dynamic_outlier_mask,102400,12029,0.117470703125,409600,303590,0.7411865234375,240722,0.5877001953125,3.8637864352419586,168878
,,expert.layers.11.self_attn.o_proj,expert,o_proj,11,int4,full_weight_quantized_no_dynamic_outlier_mask,691200,52471,0.07591290509259259,2764800,2026168,0.7328443287037038,1602101,0.5794636140046296,3.743135959449361,1162699
,,expert.layers.11.self_attn.q_proj,expert,q_proj,11,int4,full_weight_quantized_no_dynamic_outlier_mask,691200,47394,0.06856770833333334,2764800,2014685,0.7286910445601852,1593735,0.5764377170138889,3.6858348386580726,1171065
,,expert.layers.11.self_attn.v_proj,expert,v_proj,11,int4,full_weight_quantized_no_dynamic_outlier_mask,102400,9584,0.09359375,409600,292435,0.71395263671875,229842,0.5611376953125,3.4959245508470955,179758
,,expert.layers.12.mlp.down_proj,expert,down_proj,12,int4,full_weight_quantized_no_dynamic_outlier_mask,1474560,120769,0.08190171983506944,5898240,4345420,0.7367316351996528,3435445,0.5824525621202257,3.7984054816398554,2462795
,,expert.layers.12.mlp.gate_proj,expert,gate_proj,12,int4,full_weight_quantized_no_dynamic_outlier_mask,1474560,118789,0.08055894639756944,5898240,4341351,0.736041768391927,3431972,0.5818637424045139,3.788478176671554,2466268
,,expert.layers.12.mlp.up_proj,expert,up_proj,12,int4,full_weight_quantized_no_dynamic_outlier_mask,1474560,122089,0.08279690212673611,5898240,4347306,0.7370513916015625,3435682,0.5824927435980902,3.8030245000754386,2462558
,,expert.layers.12.self_attn.k_proj,expert,k_proj,12,int4,full_weight_quantized_no_dynamic_outlier_mask,230400,12255,0.05319010416666667,921600,667127,0.7238791232638889,525793,0.5705219184027778,3.6216022917952007,395807
,,expert.layers.12.self_attn.o_proj,expert,o_proj,12,int4,full_weight_quantized_no_dynamic_outlier_mask,691200,61551,0.08904947916666667,2764800,2049353,0.7412301070601852,1615995,0.5844889322916667,3.8644371980034866,1148805
,,expert.layers.12.self_attn.q_proj,expert,q_proj,12,int4,full_weight_quantized_no_dynamic_outlier_mask,691200,43600,0.0630787037037037,2764800,2009138,0.7266847511574074,1583654,0.5727915219907408,3.6587786603005044,1181146
,,expert.layers.12.self_attn.v_proj,expert,v_proj,12,int4,full_weight_quantized_no_dynamic_outlier_mask,230400,19447,0.08440538194444444,921600,681149,0.7390939670138889,537431,0.5831499565972222,3.832797534632835,384169
,,expert.layers.13.mlp.down_proj,expert,down_proj,13,int4,full_weight_quantized_no_dynamic_outlier_mask,1474560,117079,0.07939927842881944,5898240,4340435,0.735886467827691,3428396,0.5812574598524306,3.7862505255792605,2469844
,,expert.layers.13.mlp.gate_proj,expert,gate_proj,13,int4,full_weight_quantized_no_dynamic_outlier_mask,1474560,115550,0.07836235894097222,5898240,4337987,0.735471428765191,3428288,0.5812391493055555,3.7803099881878137,2469952
,,expert.layers.13.mlp.up_proj,expert,up_proj,13,int4,full_weight_quantized_no_dynamic_outlier_mask,1474560,119542,0.08106960720486112,5898240,4346119,0.7368501451280381,3431781,0.5818313598632813,3.800116099195874,2466459
,,expert.layers.13.self_attn.k_proj,expert,k_proj,13,int4,full_weight_quantized_no_dynamic_outlier_mask,102400,12384,0.1209375,409600,305515,0.74588623046875,242946,0.5931298828125,3.9352452322620937,166654
,,expert.layers.13.self_attn.o_proj,expert,o_proj,13,int4,full_weight_quantized_no_dynamic_outlier_mask,691200,48018,0.0694704861111111,2764800,2025924,0.7327560763888888,1595978,0.5772489872685185,3.7418998587043015,1168822
,,expert.layers.13.self_attn.q_proj,expert,q_proj,13,int4,full_weight_quantized_no_dynamic_outlier_mask,691200,47265,0.06838107638888889,2764800,2014438,0.7286017071759259,1593508,0.5763556134259259,3.684621555995639,1171292
,,expert.layers.13.self_attn.v_proj,expert,v_proj,13,int4,full_weight_quantized_no_dynamic_outlier_mask,102400,9889,0.096572265625,409600,294018,0.7178173828125,231876,0.566103515625,3.5438043986087795,177724
,,expert.layers.14.mlp.down_proj,expert,down_proj,14,int4,full_weight_quantized_no_dynamic_outlier_mask,1474560,126438,0.08574625651041666,5898240,4359225,0.7390721638997396,3443201,0.5837675306532119,3.832477266303448,2455039
,,expert.layers.14.mlp.gate_proj,expert,gate_proj,14,int4,full_weight_quantized_no_dynamic_outlier_mask,1474560,120601,0.08178778754340278,5898240,4334692,0.7349127875434027,3424634,0.5806196424696181,3.772343413825478,2473606
,,expert.layers.14.mlp.up_proj,expert,up_proj,14,int4,full_weight_quantized_no_dynamic_outlier_mask,1474560,127724,0.08661838107638889,5898240,4356907,0.7386791653103298,3443532,0.5838236490885417,3.826713630344643,2454708
,,expert.layers.14.self_attn.k_proj,expert,k_proj,14,int4,full_weight_quantized_no_dynamic_outlier_mask,230400,9695,0.042078993055555555,921600,661754,0.7180490451388889,521017,0.5653396267361112,3.546716131862719,400583
,,expert.layers.14.self_attn.o_proj,expert,o_proj,14,int4,full_weight_quantized_no_dynamic_outlier_mask,691200,60750,0.087890625,2764800,2048990,0.7410988136574074,1615379,0.5842661313657408,3.8624774730724627,1149421
,,expert.layers.14.self_attn.q_proj,expert,q_proj,14,int4,full_weight_quantized_no_dynamic_outlier_mask,691200,39900,0.05772569444444445,2764800,2005546,0.7253855613425926,1580704,0.5717245370370371,3.6414691262739476,1184096
,,expert.layers.14.self_attn.v_proj,expert,v_proj,14,int4,full_weight_quantized_no_dynamic_outlier_mask,230400,19325,0.08387586805555555,921600,680668,0.7385720486111111,537468,0.5831901041666666,3.8251456842594598,384132
,,expert.layers.15.mlp.down_proj,expert,down_proj,15,int4,full_weight_quantized_no_dynamic_outlier_mask,1474560,112047,0.07598673502604167,5898240,4347663,0.7371119181315104,3418662,0.5796071370442708,3.803900096544706,2479578
,,expert.layers.15.mlp.gate_proj,expert,gate_proj,15,int4,full_weight_quantized_no_dynamic_outlier_mask,1474560,108678,0.07370198567708333,5898240,4338434,0.7355472140842014,3415401,0.5790542602539063,3.7813933271188858,2482839
,,expert.layers.15.mlp.up_proj,expert,up_proj,15,int4,full_weight_quantized_no_dynamic_outlier_mask,1474560,114317,0.07752617730034722,5898240,4348459,0.7372468736436631,3423546,0.5804351806640625,3.80585385935174,2474694
,,expert.layers.15.self_attn.k_proj,expert,k_proj,15,int4,full_weight_quantized_no_dynamic_outlier_mask,102400,13200,0.12890625,409600,307471,0.75066162109375,244926,0.5979638671875,4.0106140273575575,164674
,,expert.layers.15.self_attn.o_proj,expert,o_proj,15,int4,full_weight_quantized_no_dynamic_outlier_mask,691200,45305,0.06554542824074074,2764800,2030088,0.7342621527777777,1593108,0.5762109375,3.763107176689641,1171692
,,expert.layers.15.self_attn.q_proj,expert,q_proj,15,int4,full_weight_quantized_no_dynamic_outlier_mask,691200,45519,0.06585503472222222,2764800,2014055,0.7284631799768518,1590639,0.5753179253472223,3.682741809802263,1174161
,,expert.layers.15.self_attn.v_proj,expert,v_proj,15,int4,full_weight_quantized_no_dynamic_outlier_mask,102400,10246,0.10005859375,409600,295127,0.72052490234375,233300,0.569580078125,3.5781363290907024,176300
,,expert.layers.2.mlp.down_proj,expert,down_proj,2,int4,full_weight_quantized_no_dynamic_outlier_mask,1474560,142665,0.09675089518229167,5898240,4361939,0.7395323011610243,3459788,0.5865797254774305,3.8392476474336736,2438452
,,expert.layers.2.mlp.gate_proj,expert,gate_proj,2,int4,full_weight_quantized_no_dynamic_outlier_mask,1474560,144684,0.0981201171875,5898240,4376015,0.7419187757703993,3468974,0.5881371392144097,3.8747491336694644,2429266
,,expert.layers.2.mlp.up_proj,expert,up_proj,2,int4,full_weight_quantized_no_dynamic_outlier_mask,1474560,149423,0.10133395724826388,5898240,4381662,0.7428761800130208,3477256,0.5895412868923611,3.889176817809568,2420984
,,expert.layers.2.self_attn.k_proj,expert,k_proj,2,int4,full_weight_quantized_no_dynamic_outlier_mask,230400,17560,0.07621527777777778,921600,674099,0.7314442274305556,532504,0.5778038194444445,3.7236213187017433,389096
,,expert.layers.2.self_attn.o_proj,expert,o_proj,2,int4,full_weight_quantized_no_dynamic_outlier_mask,691200,67471,0.09761429398148148,2764800,2052103,0.7422247540509259,1625727,0.5880088975694444,3.8793484468154067,1139073
,,expert.layers.2.self_attn.q_proj,expert,q_proj,2,int4,full_weight_quantized_no_dynamic_outlier_mask,691200,55639,0.08049623842592593,2764800,2031159,0.7346495225694445,1606804,0.5811646412037037,3.768600718880216,1157996
,,expert.layers.2.self_attn.v_proj,expert,v_proj,2,int4,full_weight_quantized_no_dynamic_outlier_mask,230400,21740,0.09435763888888889,921600,683248,0.7413715277777778,540796,0.5868012152777777,3.866550312143385,380804
,,expert.layers.3.mlp.down_proj,expert,down_proj,3,int4,full_weight_quantized_no_dynamic_outlier_mask,1474560,143968,0.09763454861111111,5898240,4372575,0.7413355509440104,3467407,0.5878714667426215,3.86601252568552,2430833
,,expert.layers.3.mlp.gate_proj,expert,gate_proj,3,int4,full_weight_quantized_no_dynamic_outlier_mask,1474560,143471,0.09729749891493056,5898240,4361471,0.7394529554578994,3461120,0.5868055555555556,3.838078462019992,2437120
,,expert.layers.3.mlp.up_proj,expert,up_proj,3,int4,full_weight_quantized_no_dynamic_outlier_mask,1474560,148217,0.10051608615451389,5898240,4380748,0.7427212185329861,3473891,0.5889707777235244,3.8868343292748824,2424349
,,expert.layers.3.self_attn.k_proj,expert,k_proj,3,int4,full_weight_quantized_no_dynamic_outlier_mask,102400,10290,0.10048828125,409600,295212,0.720732421875,232397,0.56737548828125,3.5807951883064653,177203
,,expert.layers.3.self_attn.o_proj,expert,o_proj,3,int4,full_weight_quantized_no_dynamic_outlier_mask,691200,55039,0.07962818287037036,2764800,2029295,0.7339753327546297,1607695,0.5814869068287037,3.7590499044873935,1157105
,,expert.layers.3.self_attn.q_proj,expert,q_proj,3,int4,full_weight_quantized_no_dynamic_outlier_mask,691200,54869,0.0793822337962963,2764800,2017643,0.7297609230324074,1600060,0.5787254050925926,3.7004270856058357,1164740
,,expert.layers.3.self_attn.v_proj,expert,v_proj,3,int4,full_weight_quantized_no_dynamic_outlier_mask,102400,9881,0.096494140625,409600,293855,0.71741943359375,231378,0.5648876953125,3.5388137716532038,178222
,,expert.layers.4.mlp.down_proj,expert,down_proj,4,int4,full_weight_quantized_no_dynamic_outlier_mask,1474560,141410,0.09589979383680555,5898240,4368318,0.7406138102213542,3465716,0.5875847710503472,3.8552553659598336,2432524
,,expert.layers.4.mlp.gate_proj,expert,gate_proj,4,int4,full_weight_quantized_no_dynamic_outlier_mask,1474560,141518,0.09597303602430556,5898240,4368541,0.7406516181098091,3465553,0.587557135687934,3.8558173862962586,2432687
,,expert.layers.4.mlp.up_proj,expert,up_proj,4,int4,full_weight_quantized_no_dynamic_outlier_mask,1474560,145700,0.09880913628472222,5898240,4375726,0.7418697781032986,3472376,0.5887139214409722,3.874013637969831,2425864
,,expert.layers.4.self_attn.k_proj,expert,k_proj,4,int4,full_weight_quantized_no_dynamic_outlier_mask,230400,15637,0.06786892361111112,921600,671033,0.7281174045138888,529741,0.5748057725694444,3.678058164083857,391859
,,expert.layers.4.self_attn.o_proj,expert,o_proj,4,int4,full_weight_quantized_no_dynamic_outlier_mask,691200,66134,0.09567997685185185,2764800,2051056,0.7418460648148149,1623645,0.587255859375,3.8736577820619162,1141155
,,expert.layers.4.self_attn.q_proj,expert,q_proj,4,int4,full_weight_quantized_no_dynamic_outlier_mask,691200,53979,0.07809461805555555,2764800,2024884,0.7323799189814815,1600056,0.5787239583333333,3.7366403753939634,1164744
,,expert.layers.4.self_attn.v_proj,expert,v_proj,4,int4,full_weight_quantized_no_dynamic_outlier_mask,230400,21769,0.09448350694444445,921600,683525,0.7416720920138888,540678,0.5866731770833333,3.8710490391683288,380922
,,expert.layers.5.mlp.down_proj,expert,down_proj,5,int4,full_weight_quantized_no_dynamic_outlier_mask,1474560,137302,0.09311387803819444,5898240,4363325,0.7397672865125868,3459314,0.5864993625217014,3.8427144174107366,2438926
,,expert.layers.5.mlp.gate_proj,expert,gate_proj,5,int4,full_weight_quantized_no_dynamic_outlier_mask,1474560,138326,0.09380832248263889,5898240,4365662,0.7401635064019098,3460933,0.5867738511827257,3.848574101938042,2437307
,,expert.layers.5.mlp.up_proj,expert,up_proj,5,int4,full_weight_quantized_no_dynamic_outlier_mask,1474560,141009,0.09562784830729167,5898240,4369266,0.7407745361328125,3464623,0.5873994615342882,3.8576457153620667,2433617
,,expert.layers.5.self_attn.k_proj,expert,k_proj,5,int4,full_weight_quantized_no_dynamic_outlier_mask,102400,10486,0.10240234375,409600,296301,0.72339111328125,233751,0.57068115234375,3.6152128438909443,175849
,,expert.layers.5.self_attn.o_proj,expert,o_proj,5,int4,full_weight_quantized_no_dynamic_outlier_mask,691200,54425,0.07873987268518519,2764800,2026281,0.7328851996527778,1607726,0.581498119212963,3.7437086926673517,1157074
,,expert.layers.5.self_attn.q_proj,expert,q_proj,5,int4,full_weight_quantized_no_dynamic_outlier_mask,691200,52211,0.07553674768518519,2764800,2019243,0.7303396267361111,1601371,0.5791995804398148,3.708368374249051,1163429
,,expert.layers.5.self_attn.v_proj,expert,v_proj,5,int4,full_weight_quantized_no_dynamic_outlier_mask,102400,9764,0.0953515625,409600,292863,0.71499755859375,230461,0.56264892578125,3.5087418727567097,179139
,,expert.layers.6.mlp.down_proj,expert,down_proj,6,int4,full_weight_quantized_no_dynamic_outlier_mask,1474560,135400,0.0918240017361111,5898240,4359754,0.7391618516710069,3456658,0.586049058702257,3.833795042658821,2441582
,,expert.layers.6.mlp.gate_proj,expert,gate_proj,6,int4,full_weight_quantized_no_dynamic_outlier_mask,1474560,136222,0.09238145616319444,5898240,4361501,0.7394580417209201,3456855,0.5860824584960938,3.838153388441368,2441385
,,expert.layers.6.mlp.up_proj,expert,up_proj,6,int4,full_weight_quantized_no_dynamic_outlier_mask,1474560,139423,0.09455227322048611,5898240,4365734,0.7401757134331597,3462691,0.5870719061957466,3.8487549151520444,2435549
,,expert.layers.6.self_attn.k_proj,expert,k_proj,6,int4,full_weight_quantized_no_dynamic_outlier_mask,230400,14867,0.06452690972222222,921600,669907,0.7268956163194444,528227,0.5731629774305556,3.6616036202834406,393373
,,expert.layers.6.self_attn.o_proj,expert,o_proj,6,int4,full_weight_quantized_no_dynamic_outlier_mask,691200,66984,0.09690972222222222,2764800,2052845,0.7424931278935185,1625045,0.5877622251157407,3.883391506485663,1139755
,,expert.layers.6.self_attn.q_proj,expert,q_proj,6,int4,full_weight_quantized_no_dynamic_outlier_mask,691200,52779,0.07635850694444445,2764800,2026775,0.7330638744212963,1602490,0.5796043113425926,3.7462145591274005,1162310
,,expert.layers.6.self_attn.v_proj,expert,v_proj,6,int4,full_weight_quantized_no_dynamic_outlier_mask,230400,21323,0.09254774305555556,921600,681533,0.7395106336805556,539162,0.5850282118055555,3.838928299183145,382438
,,expert.layers.7.mlp.down_proj,expert,down_proj,7,int4,full_weight_quantized_no_dynamic_outlier_mask,1474560,132575,0.0899081759982639,5898240,4355485,0.7384380764431424,3452495,0.585343254937066,3.823186442435773,2445745
,,expert.layers.7.mlp.gate_proj,expert,gate_proj,7,int4,full_weight_quantized_no_dynamic_outlier_mask,1474560,131766,0.08935953776041666,5898240,4354214,0.7382225884331597,3450401,0.5849882337782119,3.820039299856349,2447839
,,expert.layers.7.mlp.up_proj,expert,up_proj,7,int4,full_weight_quantized_no_dynamic_outlier_mask,1474560,134382,0.09113362630208334,5898240,4348125,0.7371902465820312,3447649,0.5845216539171006,3.805033820071414,2450591
,,expert.layers.7.self_attn.k_proj,expert,k_proj,7,int4,full_weight_quantized_no_dynamic_outlier_mask,102400,11049,0.107900390625,409600,298584,0.72896484375,235608,0.57521484375,3.689558261872163,173992
,,expert.layers.7.self_attn.o_proj,expert,o_proj,7,int4,full_weight_quantized_no_dynamic_outlier_mask,691200,56758,0.08211516203703703,2764800,2029357,0.7339977575231481,1609605,0.582177734375,3.759366803409645,1155195
,,expert.layers.7.self_attn.q_proj,expert,q_proj,7,int4,full_weight_quantized_no_dynamic_outlier_mask,691200,51819,0.07496961805555556,2764800,2017259,0.7296220341435186,1600387,0.578843677662037,3.698526234681443,1164413
,,expert.layers.7.self_attn.v_proj,expert,v_proj,7,int4,full_weight_quantized_no_dynamic_outlier_mask,102400,9390,0.09169921875,409600,291695,0.71214599609375,228892,0.558818359375,3.4739832916330937,180708
,,expert.layers.8.mlp.down_proj,expert,down_proj,8,int4,full_weight_quantized_no_dynamic_outlier_mask,1474560,129714,0.08796793619791667,5898240,4350813,0.737645975748698,3449777,0.5848824395073785,3.811643457171163,2448463
,,expert.layers.8.mlp.gate_proj,expert,gate_proj,8,int4,full_weight_quantized_no_dynamic_outlier_mask,1474560,128586,0.08720296223958333,5898240,4349598,0.7374399820963542,3445182,0.5841033935546875,3.808653000499793,2453058
,,expert.layers.8.mlp.up_proj,expert,up_proj,8,int4,full_weight_quantized_no_dynamic_outlier_mask,1474560,132552,0.089892578125,5898240,4356408,0.7385945638020833,3453126,0.5854502360026042,3.8254751490434753,2445114
,,expert.layers.8.self_attn.k_proj,expert,k_proj,8,int4,full_weight_quantized_no_dynamic_outlier_mask,230400,13254,0.057526041666666666,921600,666924,0.7236588541666666,526229,0.5709950086805555,3.6187155444564856,395371
,,expert.layers.8.self_attn.o_proj,expert,o_proj,8,int4,full_weight_quantized_no_dynamic_outlier_mask,691200,65835,0.09524739583333333,2764800,2051460,0.7419921875,1622459,0.5868268952546296,3.875851627554882,1142341
,,expert.layers.8.self_attn.q_proj,expert,q_proj,8,int4,full_weight_quantized_no_dynamic_outlier_mask,691200,49053,0.07096788194444445,2764800,2020896,0.7309375,1596907,0.5775849971064815,3.7166085946573753,1167893
,,expert.layers.8.self_attn.v_proj,expert,v_proj,8,int4,full_weight_quantized_no_dynamic_outlier_mask,230400,20106,0.087265625,921600,679275,0.737060546875,537878,0.5836349826388889,3.8031569173630455,383722
,,expert.layers.9.mlp.down_proj,expert,down_proj,9,int4,full_weight_quantized_no_dynamic_outlier_mask,1474560,125820,0.0853271484375,5898240,4346596,0.7369310167100694,3440686,0.5833411322699653,3.801284315216635,2457554
,,expert.layers.9.mlp.gate_proj,expert,gate_proj,9,int4,full_weight_quantized_no_dynamic_outlier_mask,1474560,124987,0.08476223415798612,5898240,4345097,0.7366768731011285,3441650,0.5835045708550347,3.797615544737349,2456590
,,expert.layers.9.mlp.up_proj,expert,up_proj,9,int4,full_weight_quantized_no_dynamic_outlier_mask,1474560,127522,0.08648139105902777,5898240,4348722,0.7372914632161458,3443504,0.5838189019097222,3.8064998276883517,2454736
,,expert.layers.9.self_attn.k_proj,expert,k_proj,9,int4,full_weight_quantized_no_dynamic_outlier_mask,102400,11615,0.113427734375,409600,301389,0.73581298828125,238931,0.58332763671875,3.785197438338061,170669
,,expert.layers.9.self_attn.o_proj,expert,o_proj,9,int4,full_weight_quantized_no_dynamic_outlier_mask,691200,51961,0.07517505787037038,2764800,2018604,0.7301085069444444,1599023,0.5783503327546297,3.705192737564929,1165777
,,expert.layers.9.self_attn.q_proj,expert,q_proj,9,int4,full_weight_quantized_no_dynamic_outlier_mask,691200,46956,0.06793402777777778,2764800,2011751,0.7276298466435185,1592534,0.5760033275462964,3.671474233416417,1172266
,,expert.layers.9.self_attn.v_proj,expert,v_proj,9,int4,full_weight_quantized_no_dynamic_outlier_mask,102400,9486,0.09263671875,409600,292309,0.71364501953125,230097,0.56176025390625,3.4921690496287017,179503
,,vision.layers.0.mlp.fc1,vision,fc1,0,int8,full_weight_quantized_no_dynamic_outlier_mask,2359296,23528,0.009972466362847222,18874368,12249267,0.6489895184834799,11284134,0.5978549321492513,2.848917774989393,7590234
,,vision.layers.0.mlp.fc2,vision,fc2,0,int8,full_weight_quantized_no_dynamic_outlier_mask,2359296,25017,0.010603586832682291,18874368,12270479,0.6501133706834581,11305377,0.5989804267883301,2.858068631983366,7568991
,,vision.layers.0.self_attn.k_proj,vision,k_proj,0,int8,full_weight_quantized_no_dynamic_outlier_mask,589824,6697,0.011354234483506944,4718592,3074787,0.6516323089599609,2828013,0.5993340810139974,2.87053026362616,1890579
,,vision.layers.0.self_attn.out_proj,vision,out_proj,0,int8,full_weight_quantized_no_dynamic_outlier_mask,589824,7084,0.012010362413194444,4718592,3083149,0.6534044477674696,2842030,0.60230467054579,2.8852072496565153,1876562
,,vision.layers.0.self_attn.q_proj,vision,q_proj,0,int8,full_weight_quantized_no_dynamic_outlier_mask,589824,7757,0.013151380750868056,4718592,3115996,0.6603656344943576,2864670,0.6071027119954427,2.944342803800833,1853922
,,vision.layers.0.self_attn.v_proj,vision,v_proj,0,int8,full_weight_quantized_no_dynamic_outlier_mask,589824,7191,0.0121917724609375,4718592,3089986,0.6548533969455295,2840298,0.6019376118977865,2.8973195481288903,1878294
,,vision.layers.1.mlp.fc1,vision,fc1,1,int8,full_weight_quantized_no_dynamic_outlier_mask,2359296,20194,0.008559332953559028,18874368,12026851,0.6372054947747124,11106316,0.5884337955050998,2.7563813277133886,7768052
,,vision.layers.1.mlp.fc2,vision,fc2,1,int8,full_weight_quantized_no_dynamic_outlier_mask,2359296,20660,0.008756849500868056,18874368,11927216,0.6319266425238715,11004604,0.5830448998345269,2.7168497248944603,7869764
,,vision.layers.1.self_attn.k_proj,vision,k_proj,1,int8,full_weight_quantized_no_dynamic_outlier_mask,589824,5818,0.009863959418402778,4718592,3044351,0.6451820797390408,2801501,0.5937154557969835,2.8183469404942305,1917091
,,vision.layers.1.self_attn.out_proj,vision,out_proj,1,int8,full_weight_quantized_no_dynamic_outlier_mask,589824,5188,0.008795844184027778,4718592,2986553,0.632933086819119,2762655,0.5854829152425131,2.7242989332226357,1955937
,,vision.layers.1.self_attn.q_proj,vision,q_proj,1,int8,full_weight_quantized_no_dynamic_outlier_mask,589824,5511,0.009343465169270834,4718592,3018344,0.6396704779730903,2779999,0.5891585879855685,2.7752374947654697,1938593
,,vision.layers.1.self_attn.v_proj,vision,v_proj,1,int8,full_weight_quantized_no_dynamic_outlier_mask,589824,5475,0.009282430013020834,4718592,2991232,0.6339246961805556,2759311,0.5847742292616103,2.731678399407188,1959281
,,vision.layers.10.mlp.fc1,vision,fc1,10,int8,full_weight_quantized_no_dynamic_outlier_mask,2359296,17078,0.007238599989149306,18874368,11864734,0.6286162270439996,10936010,0.5794106589423286,2.692632454133839,7938358
,,vision.layers.10.mlp.fc2,vision,fc2,10,int8,full_weight_quantized_no_dynamic_outlier_mask,2359296,16294,0.006906297471788194,18874368,11977833,0.6346084276835123,11055931,0.5857643021477593,2.736789996715742,7818437
,,vision.layers.10.self_attn.k_proj,vision,k_proj,10,int8,full_weight_quantized_no_dynamic_outlier_mask,589824,3979,0.006746080186631944,4718592,2948469,0.6248620351155599,2730732,0.5787175496419271,2.665685943858139,1987860
,,vision.layers.10.self_attn.out_proj,vision,out_proj,10,int8,full_weight_quantized_no_dynamic_outlier_mask,589824,4317,0.007319132486979167,4718592,2942694,0.6236381530761719,2713912,0.5751529269748263,2.6570174638408286,2004680
,,vision.layers.10.self_attn.q_proj,vision,q_proj,10,int8,full_weight_quantized_no_dynamic_outlier_mask,589824,3960,0.0067138671875,4718592,2951799,0.6255677541097006,2723832,0.5772552490234375,2.670710151104289,1994760
,,vision.layers.10.self_attn.v_proj,vision,v_proj,10,int8,full_weight_quantized_no_dynamic_outlier_mask,589824,4481,0.007597181532118056,4718592,2946094,0.6243587070041232,2720519,0.5765531327989366,2.662114146250094,1998073
,,vision.layers.11.mlp.fc1,vision,fc1,11,int8,full_weight_quantized_no_dynamic_outlier_mask,2359296,17249,0.007311079237196181,18874368,11914713,0.6312642097473145,10970969,0.5812628534105089,2.711968912252116,7903399
,,vision.layers.11.mlp.fc2,vision,fc2,11,int8,full_weight_quantized_no_dynamic_outlier_mask,2359296,17689,0.007497575547960069,18874368,12006491,0.636126783159044,11095959,0.5878850618998209,2.748209963573896,7778409
,,vision.layers.11.self_attn.k_proj,vision,k_proj,11,int8,full_weight_quantized_no_dynamic_outlier_mask,589824,4278,0.007253011067708333,4718592,2965195,0.628406736585829,2729739,0.5785071055094401,2.691114448125553,1988853
,,vision.layers.11.self_attn.out_proj,vision,out_proj,11,int8,full_weight_quantized_no_dynamic_outlier_mask,589824,4347,0.0073699951171875,4718592,2956015,0.6264612409803603,2732502,0.5790926615397135,2.6770983622275795,1986090
,,vision.layers.11.self_attn.q_proj,vision,q_proj,11,int8,full_weight_quantized_no_dynamic_outlier_mask,589824,4158,0.007049560546875,4718592,2963598,0.6280682881673177,2736084,0.5798517862955729,2.6886656022755635,1982508
,,vision.layers.11.self_attn.v_proj,vision,v_proj,11,int8,full_weight_quantized_no_dynamic_outlier_mask,589824,4422,0.007497151692708333,4718592,2954735,0.6261899736192491,2728819,0.5783121320936415,2.6751556390342297,1989773
,,vision.layers.2.mlp.fc1,vision,fc1,2,int8,full_weight_quantized_no_dynamic_outlier_mask,2359296,19366,0.008208380805121528,18874368,11944953,0.632866382598877,11016392,0.58366945054796,2.72380395747693,7857976
,,vision.layers.2.mlp.fc2,vision,fc2,2,int8,full_weight_quantized_no_dynamic_outlier_mask,2359296,20278,0.008594936794704862,18874368,11902548,0.6306196848551432,11024291,0.584087954627143,2.707236847767154,7850077
,,vision.layers.2.self_attn.k_proj,vision,k_proj,2,int8,full_weight_quantized_no_dynamic_outlier_mask,589824,5069,0.008594089084201388,4718592,3011703,0.6382630666097006,2790158,0.5913115607367622,2.764439866915775,1928434
,,vision.layers.2.self_attn.out_proj,vision,out_proj,2,int8,full_weight_quantized_no_dynamic_outlier_mask,589824,4783,0.008109198676215278,4718592,2953538,0.625936296251085,2721999,0.5768667856852213,2.673341438845497,1996593
,,vision.layers.2.self_attn.q_proj,vision,q_proj,2,int8,full_weight_quantized_no_dynamic_outlier_mask,589824,4661,0.007902357313368056,4718592,3005355,0.6369177500406901,2774156,0.5879202948676215,2.7541968799413037,1944436
,,vision.layers.2.self_attn.v_proj,vision,v_proj,2,int8,full_weight_quantized_no_dynamic_outlier_mask,589824,4995,0.0084686279296875,4718592,2973953,0.6302627987331815,2738704,0.5804070366753472,2.704623707254051,1979888
,,vision.layers.3.mlp.fc1,vision,fc1,3,int8,full_weight_quantized_no_dynamic_outlier_mask,2359296,18544,0.007859971788194444,18874368,11908608,0.6309407552083334,10961540,0.5807632870144315,2.709592061742007,7912828
,,vision.layers.3.mlp.fc2,vision,fc2,3,int8,full_weight_quantized_no_dynamic_outlier_mask,2359296,19455,0.008246103922526041,18874368,11843107,0.6274703873528374,10979001,0.581688404083252,2.6843503604829917,7895367
,,vision.layers.3.self_attn.k_proj,vision,k_proj,3,int8,full_weight_quantized_no_dynamic_outlier_mask,589824,5187,0.008794148763020834,4718592,3032106,0.6425870259602865,2797364,0.5928387112087674,2.7978838840049667,1921228
,,vision.layers.3.self_attn.out_proj,vision,out_proj,3,int8,full_weight_quantized_no_dynamic_outlier_mask,589824,4664,0.007907443576388888,4718592,2951185,0.6254376305474175,2726213,0.5777598487006294,2.669782342154354,1992379
,,vision.layers.3.self_attn.q_proj,vision,q_proj,3,int8,full_weight_quantized_no_dynamic_outlier_mask,589824,4641,0.007868448893229166,4718592,3012952,0.6385277642144097,2781795,0.5895392100016276,2.7664642011209866,1936797
,,vision.layers.3.self_attn.v_proj,vision,v_proj,3,int8,full_weight_quantized_no_dynamic_outlier_mask,589824,4868,0.008253309461805556,4718592,2955921,0.6264413197835287,2728747,0.578296873304579,2.676955597499477,1989845
,,vision.layers.4.mlp.fc1,vision,fc1,4,int8,full_weight_quantized_no_dynamic_outlier_mask,2359296,18276,0.007746378580729167,18874368,11888778,0.6298901240030924,10911898,0.5781331592135959,2.701900340558206,7962470
,,vision.layers.4.mlp.fc2,vision,fc2,4,int8,full_weight_quantized_no_dynamic_outlier_mask,2359296,19170,0.00812530517578125,18874368,11872905,0.6290491422017416,10951820,0.5802483028835721,2.695774868766714,7922548
,,vision.layers.4.self_attn.k_proj,vision,k_proj,4,int8,full_weight_quantized_no_dynamic_outlier_mask,589824,4474,0.007585313585069444,4718592,2963741,0.6280985938178169,2735794,0.5797903272840712,2.688884697333278,1982798
,,vision.layers.4.self_attn.out_proj,vision,out_proj,4,int8,full_weight_quantized_no_dynamic_outlier_mask,589824,4759,0.008068508572048612,4718592,2947899,0.6247412363688151,2723206,0.5771225823296441,2.6648278385920086,1995386
,,vision.layers.4.self_attn.q_proj,vision,q_proj,4,int8,full_weight_quantized_no_dynamic_outlier_mask,589824,4425,0.007502237955729167,4718592,2961744,0.6276753743489584,2732092,0.5790057712131076,2.685828256058578,1986500
,,vision.layers.4.self_attn.v_proj,vision,v_proj,4,int8,full_weight_quantized_no_dynamic_outlier_mask,589824,4822,0.008175320095486112,4718592,2953497,0.6259276072184244,2733431,0.579289542304145,2.6732793419051095,1985161
,,vision.layers.5.mlp.fc1,vision,fc1,5,int8,full_weight_quantized_no_dynamic_outlier_mask,2359296,17999,0.007628970675998264,18874368,11917025,0.6313867039150662,11012898,0.5834843317667643,2.712870128725866,7861470
,,vision.layers.5.mlp.fc2,vision,fc2,5,int8,full_weight_quantized_no_dynamic_outlier_mask,2359296,19754,0.008372836642795138,18874368,11875451,0.6291840341356065,10943583,0.5798118909200033,2.69675551231712,7930785
,,vision.layers.5.self_attn.k_proj,vision,k_proj,5,int8,full_weight_quantized_no_dynamic_outlier_mask,589824,4601,0.007800632052951389,4718592,2995802,0.6348932054307725,2769263,0.5868833329942491,2.7389246512923804,1949329
,,vision.layers.5.self_attn.out_proj,vision,out_proj,5,int8,full_weight_quantized_no_dynamic_outlier_mask,589824,4617,0.0078277587890625,4718592,2941885,0.6234667036268446,2722910,0.5770598517523872,2.655807626130814,1995682
,,vision.layers.5.self_attn.q_proj,vision,q_proj,5,int8,full_weight_quantized_no_dynamic_outlier_mask,589824,4453,0.007549709743923611,4718592,2983145,0.6322108374701606,2752698,0.5833727518717448,2.7189490661483755,1965894
,,vision.layers.5.self_attn.v_proj,vision,v_proj,5,int8,full_weight_quantized_no_dynamic_outlier_mask,589824,4792,0.008124457465277778,4718592,2946209,0.6243830786810981,2729892,0.5785395304361979,2.6622868759179026,1988700
,,vision.layers.6.mlp.fc1,vision,fc1,6,int8,full_weight_quantized_no_dynamic_outlier_mask,2359296,17691,0.007498423258463542,18874368,11890832,0.6299989488389757,10981287,0.5818095207214355,2.702695024411702,7893081
,,vision.layers.6.mlp.fc2,vision,fc2,6,int8,full_weight_quantized_no_dynamic_outlier_mask,2359296,19630,0.008320278591579862,18874368,11951581,0.6332175466749403,11022891,0.5840137799580892,2.726411776066489,7851477
,,vision.layers.6.self_attn.k_proj,vision,k_proj,6,int8,full_weight_quantized_no_dynamic_outlier_mask,589824,4381,0.007427639431423611,4718592,2979403,0.6314178042941623,2754840,0.5838267008463541,2.7130990363899494,1963752
,,vision.layers.6.self_attn.out_proj,vision,out_proj,6,int8,full_weight_quantized_no_dynamic_outlier_mask,589824,4476,0.007588704427083333,4718592,2937179,0.6224693722195096,2714995,0.5753824445936415,2.648791717585984,2003597
,,vision.layers.6.self_attn.q_proj,vision,q_proj,6,int8,full_weight_quantized_no_dynamic_outlier_mask,589824,4151,0.007037692599826389,4718592,2968014,0.629004160563151,2728347,0.5782121022542318,2.695448017740426,1990245
,,vision.layers.6.self_attn.v_proj,vision,v_proj,6,int8,full_weight_quantized_no_dynamic_outlier_mask,589824,4781,0.008105807834201388,4718592,2939040,0.62286376953125,2722772,0.5770306057400174,2.6515617413821007,1995820
,,vision.layers.7.mlp.fc1,vision,fc1,7,int8,full_weight_quantized_no_dynamic_outlier_mask,2359296,16814,0.007126702202690972,18874368,11808595,0.6256418757968478,10895342,0.577255990770128,2.6712389430002914,7979026
,,vision.layers.7.mlp.fc2,vision,fc2,7,int8,full_weight_quantized_no_dynamic_outlier_mask,2359296,19012,0.008058336046006944,18874368,11919834,0.631535530090332,11004364,0.5830321841769748,2.7139658818261583,7870004
,,vision.layers.7.self_attn.k_proj,vision,k_proj,7,int8,full_weight_quantized_no_dynamic_outlier_mask,589824,4388,0.007439507378472222,4718592,2976923,0.6308922237820096,2753492,0.583541022406684,2.709235796239125,1965100
,,vision.layers.7.self_attn.out_proj,vision,out_proj,7,int8,full_weight_quantized_no_dynamic_outlier_mask,589824,4506,0.007639567057291667,4718592,2928984,0.6207326253255209,2699356,0.572068108452691,2.6366623305215446,2019236
,,vision.layers.7.self_attn.q_proj,vision,q_proj,7,int8,full_weight_quantized_no_dynamic_outlier_mask,589824,4283,0.007261488172743056,4718592,2967217,0.6288352542453342,2729844,0.5785293579101562,2.6942213974734135,1988748
,,vision.layers.7.self_attn.v_proj,vision,v_proj,7,int8,full_weight_quantized_no_dynamic_outlier_mask,589824,4652,0.007887098524305556,4718592,2937005,0.6224324968126085,2714498,0.575277116563585,2.6485330214017053,2004094
,,vision.layers.8.mlp.fc1,vision,fc1,8,int8,full_weight_quantized_no_dynamic_outlier_mask,2359296,16649,0.007056766086154514,18874368,11756223,0.6228671073913574,10835949,0.5741092363993326,2.651585209348784,8038419
,,vision.layers.8.mlp.fc2,vision,fc2,8,int8,full_weight_quantized_no_dynamic_outlier_mask,2359296,18067,0.007657792833116319,18874368,11893448,0.6301375495062934,10955819,0.5804601775275336,2.7037078207456897,7918549
,,vision.layers.8.self_attn.k_proj,vision,k_proj,8,int8,full_weight_quantized_no_dynamic_outlier_mask,589824,4185,0.0070953369140625,4718592,2957815,0.6268427107069228,2726846,0.5778939988878038,2.679835095528849,1991746
,,vision.layers.8.self_attn.out_proj,vision,out_proj,8,int8,full_weight_quantized_no_dynamic_outlier_mask,589824,4291,0.007275051540798611,4718592,2927257,0.6203666263156467,2702028,0.5726343790690104,2.6341203627462195,2016564
,,vision.layers.8.self_attn.q_proj,vision,q_proj,8,int8,full_weight_quantized_no_dynamic_outlier_mask,589824,4206,0.007130940755208333,4718592,2953948,0.626023186577691,2722884,0.5770543416341146,2.6739625669540144,1995708
,,vision.layers.8.self_attn.v_proj,vision,v_proj,8,int8,full_weight_quantized_no_dynamic_outlier_mask,589824,4640,0.007866753472222222,4718592,2940082,0.6230845981174045,2713980,0.5751673380533854,2.6531152481571647,2004612
,,vision.layers.9.mlp.fc1,vision,fc1,9,int8,full_weight_quantized_no_dynamic_outlier_mask,2359296,17377,0.007365332709418403,18874368,11872854,0.6290464401245117,10936363,0.5794293615553114,2.6957552323683136,7938005
,,vision.layers.9.mlp.fc2,vision,fc2,9,int8,full_weight_quantized_no_dynamic_outlier_mask,2359296,16832,0.007134331597222222,18874368,11859660,0.6283473968505859,10916808,0.578393300374349,2.690684772623465,7957560
,,vision.layers.9.self_attn.k_proj,vision,k_proj,9,int8,full_weight_quantized_no_dynamic_outlier_mask,589824,4149,0.0070343017578125,4718592,2947134,0.624579111735026,2714477,0.5752726660834419,2.663677038913708,2004115
,,vision.layers.9.self_attn.out_proj,vision,out_proj,9,int8,full_weight_quantized_no_dynamic_outlier_mask,589824,4304,0.007297092013888889,4718592,2936082,0.6222368876139323,2713597,0.5750861697726779,2.6471615867512663,2004995
,,vision.layers.9.self_attn.q_proj,vision,q_proj,9,int8,full_weight_quantized_no_dynamic_outlier_mask,589824,4119,0.006983439127604167,4718592,2947126,0.6245774163140191,2726394,0.5777982076009115,2.6636650096586667,1992198
,,vision.layers.9.self_attn.v_proj,vision,v_proj,9,int8,full_weight_quantized_no_dynamic_outlier_mask,589824,4352,0.007378472222222222,4718592,2939086,0.62287351820204,2715803,0.5755536821153429,2.651630283910254,2002789
,,vlm.layers.0.mlp.down_proj,vlm,down_proj,0,int8,full_weight_quantized_no_dynamic_outlier_mask,2457600,24519,0.009976806640625,19660800,12825852,0.6523565673828124,11811531,0.6007655334472656,2.876510545508173,7849269
,,vlm.layers.0.mlp.gate_proj,vlm,gate_proj,0,int8,full_weight_quantized_no_dynamic_outlier_mask,2457600,18048,0.00734375,19660800,12328358,0.6270527140299479,11395780,0.5796193440755208,2.6813440870040295,8265020
,,vlm.layers.0.mlp.up_proj,vlm,up_proj,0,int8,full_weight_quantized_no_dynamic_outlier_mask,2457600,18907,0.007693277994791667,19660800,12367661,0.629051767985026,11425188,0.5811151123046875,2.6957939509997,8235612
,,vlm.layers.0.self_attn.k_proj,vlm,k_proj,0,int8,full_weight_quantized_no_dynamic_outlier_mask,307200,5262,0.01712890625,2457600,1742022,0.70883056640625,1597916,0.6501936848958333,3.434426435692545,859684
,,vlm.layers.0.self_attn.o_proj,vlm,o_proj,0,int8,full_weight_quantized_no_dynamic_outlier_mask,921600,8920,0.009678819444444445,7372800,4841506,0.6566712782118056,4455477,0.604312744140625,2.9126604811610193,2917323
,,vlm.layers.0.self_attn.q_proj,vlm,q_proj,0,int8,full_weight_quantized_no_dynamic_outlier_mask,921600,17290,0.018760850694444445,7372800,5195630,0.7047024197048611,4765639,0.6463811577690972,3.3864144738353,2607161
,,vlm.layers.0.self_attn.v_proj,vlm,v_proj,0,int8,full_weight_quantized_no_dynamic_outlier_mask,307200,3736,0.012161458333333333,2457600,1611948,0.6559033203125,1484239,0.6039383951822916,2.9061599807012812,973361
,,vlm.layers.1.mlp.down_proj,vlm,down_proj,1,int8,full_weight_quantized_no_dynamic_outlier_mask,2457600,18553,0.007549235026041667,19660800,12373993,0.6293738301595052,11414377,0.5805652364095052,2.698136508898891,8246423
,,vlm.layers.1.mlp.gate_proj,vlm,gate_proj,1,int8,full_weight_quantized_no_dynamic_outlier_mask,2457600,18158,0.007388509114583333,19660800,12366266,0.6289808146158854,11423726,0.581040751139323,2.6952784098339935,8237074
,,vlm.layers.1.mlp.up_proj,vlm,up_proj,1,int8,full_weight_quantized_no_dynamic_outlier_mask,2457600,18426,0.00749755859375,19660800,12354723,0.6283937072753907,11417384,0.5807181803385416,2.6910200919043152,8243416
,,vlm.layers.1.self_attn.k_proj,vlm,k_proj,1,int8,full_weight_quantized_no_dynamic_outlier_mask,307200,3375,0.010986328125,2457600,1600326,0.65117431640625,1473792,0.5996875,2.8667613855080174,983808
,,vlm.layers.1.self_attn.o_proj,vlm,o_proj,1,int8,full_weight_quantized_no_dynamic_outlier_mask,921600,8415,0.009130859375,7372800,4726521,0.641075439453125,4354046,0.5905552842881945,2.7861007852913464,3018754
,,vlm.layers.1.self_attn.q_proj,vlm,q_proj,1,int8,full_weight_quantized_no_dynamic_outlier_mask,921600,9724,0.010551215277777777,7372800,4792506,0.6500252278645834,4421292,0.5996761067708334,2.85734881373983,2951508
,,vlm.layers.1.self_attn.v_proj,vlm,v_proj,1,int8,full_weight_quantized_no_dynamic_outlier_mask,307200,3301,0.010745442708333334,2457600,1590422,0.6471443684895833,1468516,0.5975406901041667,2.8340202357532136,989084
,,vlm.layers.10.mlp.down_proj,vlm,down_proj,10,int8,full_weight_quantized_no_dynamic_outlier_mask,2457600,15638,0.006363118489583333,19660800,12414534,0.6314358520507812,11457718,0.5827696736653646,2.713231890742073,8203082
,,vlm.layers.10.mlp.gate_proj,vlm,gate_proj,10,int8,full_weight_quantized_no_dynamic_outlier_mask,2457600,15155,0.006166585286458333,19660800,12368092,0.6290736897786459,11429143,0.5813162740071615,2.695953272776039,8231657
,,vlm.layers.10.mlp.up_proj,vlm,up_proj,10,int8,full_weight_quantized_no_dynamic_outlier_mask,2457600,15402,0.00626708984375,19660800,12377682,0.6295614624023438,11400601,0.5798645528157552,2.6995031523586466,8260199
,,vlm.layers.10.self_attn.k_proj,vlm,k_proj,10,int8,full_weight_quantized_no_dynamic_outlier_mask,307200,2155,0.0070149739583333336,2457600,1596606,0.64966064453125,1474506,0.59997802734375,2.8543752918138807,983094
,,vlm.layers.10.self_attn.o_proj,vlm,o_proj,10,int8,full_weight_quantized_no_dynamic_outlier_mask,921600,7189,0.007800564236111111,7372800,4747334,0.6438983832465278,4382276,0.5943842230902778,2.808187194197145,2990524
,,vlm.layers.10.self_attn.q_proj,vlm,q_proj,10,int8,full_weight_quantized_no_dynamic_outlier_mask,921600,7277,0.007896050347222221,7372800,4785172,0.6490304904513889,4410589,0.5982244194878472,2.8492503559244224,2962211
,,vlm.layers.10.self_attn.v_proj,vlm,v_proj,10,int8,full_weight_quantized_no_dynamic_outlier_mask,307200,2932,0.009544270833333333,2457600,1594033,0.6486136881510417,1468589,0.5975703938802084,2.8458706736130495,989011
,,vlm.layers.11.mlp.down_proj,vlm,down_proj,11,int8,full_weight_quantized_no_dynamic_outlier_mask,2457600,15511,0.006311442057291667,19660800,12463176,0.633909912109375,11495944,0.5847139485677083,2.7315680841344308,8164856
,,vlm.layers.11.mlp.gate_proj,vlm,gate_proj,11,int8,full_weight_quantized_no_dynamic_outlier_mask,2457600,14820,0.0060302734375,19660800,12398745,0.6306327819824219,11448956,0.5823240152994792,2.7073328417369464,8211844
,,vlm.layers.11.mlp.up_proj,vlm,up_proj,11,int8,full_weight_quantized_no_dynamic_outlier_mask,2457600,15218,0.006192220052083333,19660800,12421368,0.631783447265625,11459975,0.5828844706217448,2.7157931727240476,8200825
,,vlm.layers.11.self_attn.k_proj,vlm,k_proj,11,int8,full_weight_quantized_no_dynamic_outlier_mask,307200,2318,0.007545572916666667,2457600,1587381,0.645906982421875,1461048,0.594501953125,2.824116687868227,996552
,,vlm.layers.11.self_attn.o_proj,vlm,o_proj,11,int8,full_weight_quantized_no_dynamic_outlier_mask,921600,6015,0.0065266927083333336,7372800,4676302,0.6342640516493055,4327708,0.5869829644097222,2.734213042249614,3045092
,,vlm.layers.11.self_attn.q_proj,vlm,q_proj,11,int8,full_weight_quantized_no_dynamic_outlier_mask,921600,6118,0.0066384548611111115,7372800,4721930,0.6404527452256944,4344259,0.5892278374565972,2.781275581224277,3028541
,,vlm.layers.11.self_attn.v_proj,vlm,v_proj,11,int8,full_weight_quantized_no_dynamic_outlier_mask,307200,2301,0.007490234375,2457600,1556785,0.6334574381510417,1438278,0.58523681640625,2.7281961335013296,1019322
,,vlm.layers.12.mlp.down_proj,vlm,down_proj,12,int8,full_weight_quantized_no_dynamic_outlier_mask,2457600,15468,0.0062939453125,19660800,12440287,0.6327457173665365,11466984,0.583240966796875,2.7229090232231425,8193816
,,vlm.layers.12.mlp.gate_proj,vlm,gate_proj,12,int8,full_weight_quantized_no_dynamic_outlier_mask,2457600,15052,0.0061246744791666665,19660800,12427816,0.6321114095052084,11491658,0.5844959513346354,2.718214225276871,8169142
,,vlm.layers.12.mlp.up_proj,vlm,up_proj,12,int8,full_weight_quantized_no_dynamic_outlier_mask,2457600,15786,0.00642333984375,19660800,12457955,0.6336443583170573,11478028,0.5838026936848958,2.729588100257607,8182772
,,vlm.layers.12.self_attn.k_proj,vlm,k_proj,12,int8,full_weight_quantized_no_dynamic_outlier_mask,307200,2075,0.006754557291666667,2457600,1591670,0.6476521809895833,1471391,0.5987105305989583,2.8381046966844896,986209
,,vlm.layers.12.self_attn.o_proj,vlm,o_proj,12,int8,full_weight_quantized_no_dynamic_outlier_mask,921600,6286,0.006820746527777778,7372800,4692939,0.6365205891927084,4342534,0.5889938693576389,2.7511874683052593,3030266
,,vlm.layers.12.self_attn.q_proj,vlm,q_proj,12,int8,full_weight_quantized_no_dynamic_outlier_mask,921600,6933,0.007522786458333333,7372800,4771946,0.6472365993923611,4387621,0.5951091851128473,2.8347611976681506,2985179
,,vlm.layers.12.self_attn.v_proj,vlm,v_proj,12,int8,full_weight_quantized_no_dynamic_outlier_mask,307200,2458,0.008001302083333333,2457600,1567358,0.6377596028645833,1449417,0.589769287109375,2.760597680181344,1008183
,,vlm.layers.13.mlp.down_proj,vlm,down_proj,13,int8,full_weight_quantized_no_dynamic_outlier_mask,2457600,15434,0.006280110677083333,19660800,12488871,0.6352168273925781,11515033,0.5856848653157553,2.741354522611699,8145767
,,vlm.layers.13.mlp.gate_proj,vlm,gate_proj,13,int8,full_weight_quantized_no_dynamic_outlier_mask,2457600,15140,0.0061604817708333336,19660800,12481305,0.6348320007324219,11520042,0.5859396362304687,2.7384655884571267,8140758
,,vlm.layers.13.mlp.up_proj,vlm,up_proj,13,int8,full_weight_quantized_no_dynamic_outlier_mask,2457600,15301,0.006225992838541666,19660800,12471730,0.6343449910481771,11494362,0.5846334838867188,2.7348182727390333,8166438
,,vlm.layers.13.self_attn.k_proj,vlm,k_proj,13,int8,full_weight_quantized_no_dynamic_outlier_mask,307200,1891,0.006155598958333334,2457600,1570297,0.6389554850260417,1449183,0.589674072265625,2.769741565169959,1008417
,,vlm.layers.13.self_attn.o_proj,vlm,o_proj,13,int8,full_weight_quantized_no_dynamic_outlier_mask,921600,6237,0.006767578125,7372800,4693261,0.6365642632378472,4328473,0.5870867241753472,2.751518078296304,3044327
,,vlm.layers.13.self_attn.q_proj,vlm,q_proj,13,int8,full_weight_quantized_no_dynamic_outlier_mask,921600,5960,0.0064670138888888885,7372800,4718134,0.6399378797743056,4347052,0.5896066623263889,2.777298537744485,3025748
,,vlm.layers.13.self_attn.v_proj,vlm,v_proj,13,int8,full_weight_quantized_no_dynamic_outlier_mask,307200,2204,0.007174479166666667,2457600,1560053,0.6347871907552083,1440773,0.5862520345052084,2.7381295909852073,1016827
,,vlm.layers.14.mlp.down_proj,vlm,down_proj,14,int8,full_weight_quantized_no_dynamic_outlier_mask,2457600,15495,0.006304931640625,19660800,12488748,0.6352105712890626,11505207,0.5851850891113282,2.7413075086460617,8155593
,,vlm.layers.14.mlp.gate_proj,vlm,gate_proj,14,int8,full_weight_quantized_no_dynamic_outlier_mask,2457600,14503,0.005901285807291667,19660800,12492673,0.6354102071126302,11530276,0.5864601643880208,2.742808546779375,8130524
,,vlm.layers.14.mlp.up_proj,vlm,up_proj,14,int8,full_weight_quantized_no_dynamic_outlier_mask,2457600,15237,0.006199951171875,19660800,12469082,0.6342103068033854,11487422,0.584280497233073,2.7338113090641207,8173378
,,vlm.layers.14.self_attn.k_proj,vlm,k_proj,14,int8,full_weight_quantized_no_dynamic_outlier_mask,307200,1663,0.005413411458333333,2457600,1582776,0.644033203125,1457609,0.5931026204427083,2.809250775013031,999991
,,vlm.layers.14.self_attn.o_proj,vlm,o_proj,14,int8,full_weight_quantized_no_dynamic_outlier_mask,921600,6048,0.0065625,7372800,4715964,0.6396435546875,4349417,0.5899274359809028,2.7750301486429723,3023383
,,vlm.layers.14.self_attn.q_proj,vlm,q_proj,14,int8,full_weight_quantized_no_dynamic_outlier_mask,921600,6226,0.006755642361111111,7372800,4794522,0.6502986653645834,4423924,0.6000330946180555,2.859583024018357,2948876
,,vlm.layers.14.self_attn.v_proj,vlm,v_proj,14,int8,full_weight_quantized_no_dynamic_outlier_mask,307200,2248,0.007317708333333333,2457600,1557994,0.6339493815104167,1438754,0.5854305013020833,2.731862615411636,1018846
,,vlm.layers.15.mlp.down_proj,vlm,down_proj,15,int8,full_weight_quantized_no_dynamic_outlier_mask,2457600,23327,0.009491780598958333,19660800,12559164,0.6387921142578125,11594407,0.5897220357259114,2.7684888383465442,8066393
,,vlm.layers.15.mlp.gate_proj,vlm,gate_proj,15,int8,full_weight_quantized_no_dynamic_outlier_mask,2457600,23424,0.00953125,19660800,12589602,0.6403402709960937,11625050,0.5912806193033854,2.780405809595488,8035750
,,vlm.layers.15.mlp.up_proj,vlm,up_proj,15,int8,full_weight_quantized_no_dynamic_outlier_mask,2457600,21993,0.008948974609375,19660800,12494346,0.6354953002929687,11537802,0.5868429565429687,2.7434488521101232,8122998
,,vlm.layers.15.self_attn.k_proj,vlm,k_proj,15,int8,full_weight_quantized_no_dynamic_outlier_mask,307200,1951,0.006350911458333333,2457600,1582334,0.6438533528645833,1461909,0.594852294921875,2.807832133317186,995691
,,vlm.layers.15.self_attn.o_proj,vlm,o_proj,15,int8,full_weight_quantized_no_dynamic_outlier_mask,921600,8892,0.0096484375,7372800,4719005,0.6400560167100694,4355828,0.5907969835069444,2.77821007274488,3016972
,,vlm.layers.15.self_attn.q_proj,vlm,q_proj,15,int8,full_weight_quantized_no_dynamic_outlier_mask,921600,9483,0.010289713541666667,7372800,4770515,0.6470425075954861,4410863,0.5982615831163195,2.8332023586962993,2961937
,,vlm.layers.15.self_attn.v_proj,vlm,v_proj,15,int8,full_weight_quantized_no_dynamic_outlier_mask,307200,2253,0.007333984375,2457600,1555755,0.633038330078125,1439695,0.5858133951822917,2.72508025214976,1017905
,,vlm.layers.2.mlp.down_proj,vlm,down_proj,2,int8,full_weight_quantized_no_dynamic_outlier_mask,2457600,18460,0.0075113932291666664,19660800,12397554,0.6305722045898438,11437537,0.5817432149251303,2.7068889033911283,8223263
,,vlm.layers.2.mlp.gate_proj,vlm,gate_proj,2,int8,full_weight_quantized_no_dynamic_outlier_mask,2457600,17939,0.007299397786458333,19660800,12365178,0.6289254760742188,11410478,0.5803669230143229,2.694876461527201,8250322
,,vlm.layers.2.mlp.up_proj,vlm,up_proj,2,int8,full_weight_quantized_no_dynamic_outlier_mask,2457600,17904,0.00728515625,19660800,12364450,0.6288884480794271,11441863,0.5819632466634115,2.694607577761484,8218937
,,vlm.layers.2.self_attn.k_proj,vlm,k_proj,2,int8,full_weight_quantized_no_dynamic_outlier_mask,307200,2706,0.00880859375,2457600,1580899,0.6432694498697916,1460497,0.5942777506510417,2.8032362230680694,997103
,,vlm.layers.2.self_attn.o_proj,vlm,o_proj,2,int8,full_weight_quantized_no_dynamic_outlier_mask,921600,7915,0.008588324652777778,7372800,4694662,0.6367542860243055,4330436,0.5873529730902778,2.7529574652239726,3042364
,,vlm.layers.2.self_attn.q_proj,vlm,q_proj,2,int8,full_weight_quantized_no_dynamic_outlier_mask,921600,8212,0.008910590277777778,7372800,4753409,0.6447223578559028,4393197,0.595865478515625,2.8147000581432864,2979603
,,vlm.layers.2.self_attn.v_proj,vlm,v_proj,2,int8,full_weight_quantized_no_dynamic_outlier_mask,307200,2778,0.00904296875,2457600,1571847,0.639586181640625,1449964,0.5899918619791666,2.774588401055373,1007636
,,vlm.layers.3.mlp.down_proj,vlm,down_proj,3,int8,full_weight_quantized_no_dynamic_outlier_mask,2457600,18040,0.007340494791666667,19660800,12391201,0.6302490743001302,11453974,0.5825792439778645,2.7045233168982223,8206826
,,vlm.layers.3.mlp.gate_proj,vlm,gate_proj,3,int8,full_weight_quantized_no_dynamic_outlier_mask,2457600,17739,0.007218017578125,19660800,12384144,0.62989013671875,11418205,0.5807599385579427,2.701900433385885,8242595
,,vlm.layers.3.mlp.up_proj,vlm,up_proj,3,int8,full_weight_quantized_no_dynamic_outlier_mask,2457600,17741,0.007218831380208333,19660800,12365772,0.6289556884765625,11434710,0.5815994262695312,2.69509589270939,8226090
,,vlm.layers.3.self_attn.k_proj,vlm,k_proj,3,int8,full_weight_quantized_no_dynamic_outlier_mask,307200,2928,0.00953125,2457600,1582951,0.6441044108072916,1460608,0.5943229166666667,2.8098128506406566,996992
,,vlm.layers.3.self_attn.o_proj,vlm,o_proj,3,int8,full_weight_quantized_no_dynamic_outlier_mask,921600,7564,0.008207465277777777,7372800,4683299,0.6352130805121528,4318980,0.5857991536458333,2.7413263650022808,3053820
,,vlm.layers.3.self_attn.q_proj,vlm,q_proj,3,int8,full_weight_quantized_no_dynamic_outlier_mask,921600,8277,0.008981119791666667,7372800,4752476,0.6445958116319445,4384318,0.5946611870659723,2.8136978480523784,2988482
,,vlm.layers.3.self_attn.v_proj,vlm,v_proj,3,int8,full_weight_quantized_no_dynamic_outlier_mask,307200,2755,0.008968098958333334,2457600,1570746,0.63913818359375,1451933,0.5907930501302083,2.7711438410380964,1005667
,,vlm.layers.4.mlp.down_proj,vlm,down_proj,4,int8,full_weight_quantized_no_dynamic_outlier_mask,2457600,17329,0.007051188151041667,19660800,12394328,0.6304081217447917,11447341,0.5822418721516928,2.7056871615276297,8213459
,,vlm.layers.4.mlp.gate_proj,vlm,gate_proj,4,int8,full_weight_quantized_no_dynamic_outlier_mask,2457600,17110,0.0069620768229166664,19660800,12385835,0.6299761454264323,11437761,0.5817546081542969,2.7025284657726876,8223039
,,vlm.layers.4.mlp.up_proj,vlm,up_proj,4,int8,full_weight_quantized_no_dynamic_outlier_mask,2457600,17322,0.00704833984375,19660800,12374816,0.6294156901041666,11429451,0.5813319396972656,2.698441281232569,8231349
,,vlm.layers.4.self_attn.k_proj,vlm,k_proj,4,int8,full_weight_quantized_no_dynamic_outlier_mask,307200,2534,0.008248697916666667,2457600,1590644,0.6472347005208333,1466050,0.5965372721354166,2.834745938663554,991550
,,vlm.layers.4.self_attn.o_proj,vlm,o_proj,4,int8,full_weight_quantized_no_dynamic_outlier_mask,921600,7386,0.008014322916666667,7372800,4681209,0.6349296061197917,4322216,0.5862380642361111,2.7391977458685215,3050584
,,vlm.layers.4.self_attn.q_proj,vlm,q_proj,4,int8,full_weight_quantized_no_dynamic_outlier_mask,921600,7580,0.00822482638888889,7372800,4757486,0.6452753363715278,4387793,0.5951325141059027,2.8190878800786447,2985007
,,vlm.layers.4.self_attn.v_proj,vlm,v_proj,4,int8,full_weight_quantized_no_dynamic_outlier_mask,307200,2571,0.008369140625,2457600,1558427,0.6341255696614584,1435726,0.5841984049479166,2.733178153703459,1021874
,,vlm.layers.5.mlp.down_proj,vlm,down_proj,5,int8,full_weight_quantized_no_dynamic_outlier_mask,2457600,16483,0.006706949869791667,19660800,12365594,0.6289466349283854,11422917,0.5809996032714844,2.695030133487663,8237883
,,vlm.layers.5.mlp.gate_proj,vlm,gate_proj,5,int8,full_weight_quantized_no_dynamic_outlier_mask,2457600,16885,0.0068705240885416664,19660800,12365331,0.6289332580566406,11429965,0.5813580830891927,2.6949329782636315,8230835
,,vlm.layers.5.mlp.up_proj,vlm,up_proj,5,int8,full_weight_quantized_no_dynamic_outlier_mask,2457600,17117,0.006964925130208333,19660800,12348151,0.6280594380696615,11413632,0.58052734375,2.68860162712582,8247168
,,vlm.layers.5.self_attn.k_proj,vlm,k_proj,5,int8,full_weight_quantized_no_dynamic_outlier_mask,307200,2627,0.008551432291666666,2457600,1571660,0.6395100911458333,1453479,0.591422119140625,2.7740027541368493,1004121
,,vlm.layers.5.self_attn.o_proj,vlm,o_proj,5,int8,full_weight_quantized_no_dynamic_outlier_mask,921600,7002,0.00759765625,7372800,4661424,0.63224609375,4308561,0.584385986328125,2.719209729672314,3064239
,,vlm.layers.5.self_attn.q_proj,vlm,q_proj,5,int8,full_weight_quantized_no_dynamic_outlier_mask,921600,6868,0.0074522569444444445,7372800,4726610,0.6410875108506945,4353571,0.5904908582899305,2.7861944909473624,3019229
,,vlm.layers.5.self_attn.v_proj,vlm,v_proj,5,int8,full_weight_quantized_no_dynamic_outlier_mask,307200,2757,0.008974609375,2457600,1562894,0.6359431966145833,1439288,0.5856477864583334,2.746824096407088,1018312
,,vlm.layers.6.mlp.down_proj,vlm,down_proj,6,int8,full_weight_quantized_no_dynamic_outlier_mask,2457600,16364,0.006658528645833333,19660800,12403365,0.6308677673339844,11456000,0.5826822916666666,2.709056298816318,8204800
,,vlm.layers.6.mlp.gate_proj,vlm,gate_proj,6,int8,full_weight_quantized_no_dynamic_outlier_mask,2457600,16819,0.006843668619791667,19660800,12376479,0.6295002746582031,11439355,0.581835683186849,2.6990573314932167,8221445
,,vlm.layers.6.mlp.up_proj,vlm,up_proj,6,int8,full_weight_quantized_no_dynamic_outlier_mask,2457600,17063,0.006942952473958333,19660800,12388533,0.6301133728027344,11425653,0.5811387634277344,2.703531099724474,8235147
,,vlm.layers.6.self_attn.k_proj,vlm,k_proj,6,int8,full_weight_quantized_no_dynamic_outlier_mask,307200,2294,0.0074674479166666665,2457600,1572937,0.6400297037760416,1451230,0.5905069986979167,2.7780069924931863,1006370
,,vlm.layers.6.self_attn.o_proj,vlm,o_proj,6,int8,full_weight_quantized_no_dynamic_outlier_mask,921600,7576,0.00822048611111111,7372800,4686497,0.6356468370225694,4328752,0.5871245659722222,2.7445898694227715,3044048
,,vlm.layers.6.self_attn.q_proj,vlm,q_proj,6,int8,full_weight_quantized_no_dynamic_outlier_mask,921600,7386,0.008014322916666667,7372800,4733478,0.64201904296875,4362882,0.5917537434895833,2.7934446801110284,3009918
,,vlm.layers.6.self_attn.v_proj,vlm,v_proj,6,int8,full_weight_quantized_no_dynamic_outlier_mask,307200,2616,0.008515625,2457600,1558019,0.6339595540364583,1435022,0.5839119466145833,2.731938535829458,1022578
,,vlm.layers.7.mlp.down_proj,vlm,down_proj,7,int8,full_weight_quantized_no_dynamic_outlier_mask,2457600,16452,0.0066943359375,19660800,12448084,0.6331422932942709,11483395,0.5840756734212239,2.7258525082645706,8177405
,,vlm.layers.7.mlp.gate_proj,vlm,gate_proj,7,int8,full_weight_quantized_no_dynamic_outlier_mask,2457600,16537,0.006728922526041667,19660800,12402926,0.630845438639323,11457856,0.5827766927083333,2.70889243874997,8202944
,,vlm.layers.7.mlp.up_proj,vlm,up_proj,7,int8,full_weight_quantized_no_dynamic_outlier_mask,2457600,16714,0.006800944010416666,19660800,12407328,0.6310693359375,11455460,0.5826548258463542,2.7105364162155725,8205340
,,vlm.layers.7.self_attn.k_proj,vlm,k_proj,7,int8,full_weight_quantized_no_dynamic_outlier_mask,307200,2898,0.00943359375,2457600,1603191,0.652340087890625,1481346,0.60276123046875,2.8763741954965365,976254
,,vlm.layers.7.self_attn.o_proj,vlm,o_proj,7,int8,full_weight_quantized_no_dynamic_outlier_mask,921600,7654,0.008305121527777778,7372800,4730607,0.641629638671875,4368053,0.5924551052517361,2.7904093304311983,3004747
,,vlm.layers.7.self_attn.q_proj,vlm,q_proj,7,int8,full_weight_quantized_no_dynamic_outlier_mask,921600,8556,0.009283854166666666,7372800,4835256,0.6558235677083334,4451739,0.6038057454427084,2.9054865649620267,2921061
,,vlm.layers.7.self_attn.v_proj,vlm,v_proj,7,int8,full_weight_quantized_no_dynamic_outlier_mask,307200,3065,0.009977213541666667,2457600,1583234,0.6442195638020833,1459426,0.5938419596354166,2.810722283345876,998174
,,vlm.layers.8.mlp.down_proj,vlm,down_proj,8,int8,full_weight_quantized_no_dynamic_outlier_mask,2457600,16349,0.006652425130208334,19660800,12427281,0.6320841979980468,11456424,0.582703857421875,2.7180131827952616,8204376
,,vlm.layers.8.mlp.gate_proj,vlm,gate_proj,8,int8,full_weight_quantized_no_dynamic_outlier_mask,2457600,16563,0.006739501953125,19660800,12473334,0.6344265747070312,11506328,0.5852421061197917,2.7354285919404697,8154472
,,vlm.layers.8.mlp.up_proj,vlm,up_proj,8,int8,full_weight_quantized_no_dynamic_outlier_mask,2457600,16680,0.006787109375,19660800,12384274,0.629896748860677,11448365,0.582293955485026,2.701948704642847,8212435
,,vlm.layers.8.self_attn.k_proj,vlm,k_proj,8,int8,full_weight_quantized_no_dynamic_outlier_mask,307200,2060,0.006705729166666666,2457600,1579681,0.6427738444010417,1457161,0.5929203287760416,2.799347092385516,1000439
,,vlm.layers.8.self_attn.o_proj,vlm,o_proj,8,int8,full_weight_quantized_no_dynamic_outlier_mask,921600,6767,0.007342664930555556,7372800,4675867,0.6342050509982639,4308289,0.5843490939670138,2.733772029190195,3064511
,,vlm.layers.8.self_attn.q_proj,vlm,q_proj,8,int8,full_weight_quantized_no_dynamic_outlier_mask,921600,6873,0.007457682291666667,7372800,4730878,0.6416663953993056,4359102,0.5912410481770833,2.7906955617917566,3013698
,,vlm.layers.8.self_attn.v_proj,vlm,v_proj,8,int8,full_weight_quantized_no_dynamic_outlier_mask,307200,2412,0.0078515625,2457600,1555135,0.6327860514322917,1436204,0.5843929036458333,2.7232081022532735,1021396
,,vlm.layers.9.mlp.down_proj,vlm,down_proj,9,int8,full_weight_quantized_no_dynamic_outlier_mask,2457600,15560,0.006331380208333333,19660800,12395587,0.630472157796224,11446906,0.5822197469075521,2.706156034241529,8213894
,,vlm.layers.9.mlp.gate_proj,vlm,gate_proj,9,int8,full_weight_quantized_no_dynamic_outlier_mask,2457600,15623,0.0063570149739583335,19660800,12407582,0.6310822550455729,11430090,0.5813644409179688,2.7106313363254766,8230710
,,vlm.layers.9.mlp.up_proj,vlm,up_proj,9,int8,full_weight_quantized_no_dynamic_outlier_mask,2457600,15745,0.006406656901041667,19660800,12393847,0.6303836568196615,11450593,0.5824072774251302,2.7055080719525777,8210207
,,vlm.layers.9.self_attn.k_proj,vlm,k_proj,9,int8,full_weight_quantized_no_dynamic_outlier_mask,307200,2939,0.009567057291666667,2457600,1604710,0.6529581705729167,1479556,0.6020328776041667,2.8814970277527,978044
,,vlm.layers.9.self_attn.o_proj,vlm,o_proj,9,int8,full_weight_quantized_no_dynamic_outlier_mask,921600,6278,0.006812065972222222,7372800,4666625,0.6329515245225694,4304375,0.5838182237413194,2.7244357811301927,3068425
,,vlm.layers.9.self_attn.q_proj,vlm,q_proj,9,int8,full_weight_quantized_no_dynamic_outlier_mask,921600,8305,0.009011501736111111,7372800,4822722,0.65412353515625,4449755,0.6035366482204861,2.8912056807674116,2923045
,,vlm.layers.9.self_attn.v_proj,vlm,v_proj,9,int8,full_weight_quantized_no_dynamic_outlier_mask,307200,2830,0.009212239583333334,2457600,1570986,0.63923583984375,1451457,0.590599365234375,2.771893969641806,1006143
